META; english/championship/sheffield-utd-v-wolves; 2017-09-17 02:22:10 GMT+3; 2017-09-27 19:45; Nothing; Xlenovo
Wolves; ; ; ; ; ; ; ; ; 6/5; ; ; ; ; ; ; ; ; ; ; ; ; 6/5; ; ; ; ; ; ; 
Sheffield Utd; ; ; ; ; ; ; ; ; 2; ; ; ; ; ; ; ; ; ; ; ; ; 2; ; ; ; ; ; ; 
Draw; ; ; ; ; ; ; ; ; 5/2; ; ; ; ; ; ; ; ; ; ; ; ; 5/2; ; ; ; ; ; ; 
META; english/championship/sheffield-utd-v-wolves; 2017-09-17 10:22:01 GMT+3; 2017-09-27 19:45; Nothing; Xlenovo
Wolves; ; ; ; ; ; ; ; ; 6/5; ; ; ; ; ; ; ; ; ; ; ; ; 6/5; ; ; ; ; ; ; 
Sheffield Utd; ; ; ; ; ; ; ; ; 2; ; ; ; ; ; ; ; ; ; ; ; ; 2; ; ; ; ; ; ; 
Draw; ; ; ; ; ; ; ; ; 5/2; ; ; ; ; ; ; ; ; ; ; ; ; 5/2; ; ; ; ; ; ; 
META; english/championship/sheffield-utd-v-wolves; 2017-09-17 14:22:00 GMT+3; 2017-09-27 19:45; Nothing; Xlenovo
Wolves; ; ; ; ; ; ; ; ; 6/5; ; ; ; ; ; ; ; ; ; ; ; ; 6/5; ; ; ; ; ; ; 
Sheffield Utd; ; ; ; ; ; ; ; ; 2; ; ; ; ; ; ; ; ; ; ; ; ; 2; ; ; ; ; ; ; 
Draw; ; ; ; ; ; ; ; ; 5/2; ; ; ; ; ; ; ; ; ; ; ; ; 5/2; ; ; ; ; ; ; 
META; english/championship/sheffield-utd-v-wolves; 2017-09-17 18:21:53 GMT+3; 2017-09-27 19:45; Nothing; Xlenovo
Wolves; ; ; ; ; ; ; ; ; 6/5; ; ; ; ; ; ; ; ; ; ; ; ; 6/5; ; ; ; ; ; ; 
Sheffield Utd; ; ; ; ; ; ; ; ; 2; ; ; ; ; ; ; ; ; ; ; ; ; 2; ; ; ; ; ; ; 
Draw; ; ; ; ; ; ; ; ; 5/2; ; ; ; ; ; ; ; ; ; ; ; ; 5/2; ; ; ; ; ; ; 
META; english/championship/sheffield-utd-v-wolves; 2017-09-17 22:21:57 GMT+3; 2017-09-27 19:45; Nothing; Xlenovo
Wolves; ; ; ; ; ; ; ; ; 6/5; ; ; ; ; ; ; ; ; ; ; ; ; 6/5; ; ; ; ; ; ; 
Sheffield Utd; ; ; ; ; ; ; ; ; 2; ; ; ; ; ; ; ; ; ; ; ; ; 2; ; ; ; ; ; ; 
Draw; ; ; ; ; ; ; ; ; 5/2; ; ; ; ; ; ; ; ; ; ; ; ; 5/2; ; ; ; ; ; ; 
META; english/championship/sheffield-utd-v-wolves; 2017-09-18 02:21:44 GMT+3; 2017-09-27 19:45; Nothing; Xlenovo
Wolves; ; ; ; ; ; ; ; ; 6/5; ; ; ; ; ; ; ; ; ; ; ; ; 6/5; ; ; ; ; ; ; 
Sheffield Utd; ; ; ; ; ; ; ; ; 2; ; ; ; ; ; ; ; ; ; ; ; ; 2; ; ; ; ; ; ; 
Draw; ; ; ; ; ; ; ; ; 5/2; ; ; ; ; ; ; ; ; ; ; ; ; 5/2; ; ; ; ; ; ; 
META; english/championship/sheffield-utd-v-wolves; 2017-09-18 10:21:48 GMT+3; 2017-09-27 19:45; Nothing; Xlenovo
Wolves; ; ; ; ; ; ; ; ; 6/5; ; ; ; ; ; ; ; ; ; ; ; ; 6/5; ; ; ; ; ; ; 
Sheffield Utd; ; ; ; ; ; ; ; ; 2; ; ; ; ; ; ; ; ; ; ; ; ; 2; ; ; ; ; ; ; 
Draw; ; ; ; ; ; ; ; ; 5/2; ; ; ; ; ; ; ; ; ; ; ; ; 5/2; ; ; ; ; ; ; 
META; english/championship/sheffield-utd-v-wolves; 2017-09-18 14:21:55 GMT+3; 2017-09-27 19:45; Nothing; Xlenovo
Wolves; ; ; ; ; ; ; ; ; 6/5; ; ; ; ; ; ; ; ; ; ; ; ; 6/5; ; ; ; ; ; ; 
Sheffield Utd; ; ; ; ; ; ; ; ; 2; ; ; ; ; ; ; ; ; ; ; ; ; 2; ; ; ; ; ; ; 
Draw; ; ; ; ; ; ; ; ; 5/2; ; ; ; ; ; ; ; ; ; ; ; ; 5/2; ; ; ; ; ; ; 
META; english/championship/sheffield-utd-v-wolves; 2017-09-18 18:21:53 GMT+3; 2017-09-27 19:45; Nothing; Xlenovo
Wolves; ; ; ; ; ; ; ; ; 6/5; ; ; ; ; ; ; ; ; ; ; ; ; 6/5; ; ; ; ; ; ; 
Sheffield Utd; ; ; ; ; ; ; ; ; 2; ; ; ; ; ; ; ; ; ; ; ; ; 2; ; ; ; ; ; ; 
Draw; ; ; ; ; ; ; ; ; 5/2; ; ; ; ; ; ; ; ; ; ; ; ; 5/2; ; ; ; ; ; ; 
META; english/championship/sheffield-utd-v-wolves; 2017-09-18 22:21:50 GMT+3; 2017-09-27 19:45; Nothing; Xlenovo
Wolves; ; ; ; ; ; ; ; ; 6/5; ; ; ; ; ; ; ; ; ; ; ; ; 6/5; ; ; ; ; 8/15; ; 
Sheffield Utd; ; ; ; ; ; ; ; ; 2; ; ; ; ; ; ; ; ; ; ; ; ; 2; ; ; ; ; 4/5; ; 
Draw; ; ; ; ; ; ; ; ; 5/2; ; ; ; ; ; ; ; ; ; ; ; ; 5/2; ; ; ; ; 10/11; ; 
META; english/championship/sheffield-utd-v-wolves; 2017-09-19 02:21:49 GMT+3; 2017-09-27 19:45; Nothing; Xlenovo
Wolves; ; ; ; ; ; ; ; ; 6/5; ; ; ; ; ; ; ; ; ; ; ; ; 6/5; ; ; ; ; 8/15; ; 
Sheffield Utd; ; ; ; ; ; ; ; ; 2; ; ; ; ; ; ; ; ; ; ; ; ; 2; ; ; ; ; 4/5; ; 
Draw; ; ; ; ; ; ; ; ; 5/2; ; ; ; ; ; ; ; ; ; ; ; ; 5/2; ; ; ; ; 10/11; ; 
META; english/championship/sheffield-utd-v-wolves; 2017-09-19 10:21:56 GMT+3; 2017-09-27 19:45; Nothing; Xlenovo
Wolves; ; ; ; ; ; ; ; ; 6/5; ; ; ; ; ; ; ; ; ; ; ; ; 6/5; ; ; ; ; 8/15; ; 
Sheffield Utd; ; ; ; ; ; ; ; ; 2; ; ; ; ; ; ; ; ; ; ; ; ; 2; ; ; ; ; 4/5; ; 
Draw; ; ; ; ; ; ; ; ; 5/2; ; ; ; ; ; ; ; ; ; ; ; ; 5/2; ; ; ; ; 10/11; ; 
META; english/championship/sheffield-utd-v-wolves; 2017-09-19 14:21:56 GMT+3; 2017-09-27 19:45; Nothing; Xlenovo
Wolves; ; ; ; ; ; ; ; ; 6/5; ; ; ; ; ; ; ; ; ; ; ; ; 6/5; ; ; ; ; 8/15; ; 
Sheffield Utd; ; ; ; ; ; ; ; ; 2; ; ; ; ; ; ; ; ; ; ; ; ; 2; ; ; ; ; 4/5; ; 
Draw; ; ; ; ; ; ; ; ; 5/2; ; ; ; ; ; ; ; ; ; ; ; ; 5/2; ; ; ; ; 2; ; 
META; english/championship/sheffield-utd-v-wolves; 2017-09-19 18:22:02 GMT+3; 2017-09-27 19:45; Nothing; Xlenovo
Wolves; ; ; ; ; ; ; ; ; 6/5; ; ; ; ; ; ; ; ; ; ; ; ; 6/5; ; ; ; ; 8/15; ; 
Sheffield Utd; ; ; ; ; ; ; ; ; 2; ; ; ; ; ; ; ; ; ; ; ; ; 2; ; ; ; ; 4/5; ; 
Draw; ; ; ; ; ; ; ; ; 5/2; ; ; ; ; ; ; ; ; ; ; ; ; 5/2; ; ; ; ; 2; ; 
META; english/championship/sheffield-utd-v-wolves; 2017-09-19 22:21:57 GMT+3; 2017-09-27 19:45; Nothing; Xlenovo
Wolves; ; ; ; ; ; ; ; ; 6/5; ; ; ; ; ; ; ; ; ; ; ; ; 6/5; ; ; ; ; 8/15; ; 
Sheffield Utd; ; ; ; ; ; ; ; ; 2; ; ; ; ; ; ; ; ; ; ; ; ; 2; ; ; ; ; 4/5; ; 
Draw; ; ; ; ; ; ; ; ; 5/2; ; ; ; ; ; ; ; ; ; ; ; ; 5/2; ; ; ; ; 2; ; 
META; english/championship/sheffield-utd-v-wolves; 2017-09-20 02:21:56 GMT+3; 2017-09-27 19:45; Nothing; Xlenovo
Wolves; ; ; ; ; ; ; ; ; 6/5; ; ; ; ; ; ; ; ; ; ; ; ; 6/5; ; ; ; ; 8/15; ; 
Sheffield Utd; ; ; ; ; ; ; ; ; 2; ; ; ; ; ; ; ; ; ; ; ; ; 2; ; ; ; ; 4/5; ; 
Draw; ; ; ; ; ; ; ; ; 5/2; ; ; ; ; ; ; ; ; ; ; ; ; 5/2; ; ; ; ; 2; ; 
META; english/championship/sheffield-utd-v-wolves; 2017-09-20 10:22:00 GMT+3; 2017-09-27 19:45; Nothing; Xlenovo
Wolves; ; ; ; ; ; ; ; ; 6/5; ; ; ; ; ; ; ; ; ; ; ; ; 6/5; ; ; ; ; 8/15; ; 
Sheffield Utd; ; ; ; ; ; ; ; ; 2; ; ; ; ; ; ; ; ; ; ; ; ; 2; ; ; ; ; 4/5; ; 
Draw; ; ; ; ; ; ; ; ; 5/2; ; ; ; ; ; ; ; ; ; ; ; ; 5/2; ; ; ; ; 2; ; 
META; english/championship/sheffield-utd-v-wolves; 2017-09-20 14:21:58 GMT+3; 2017-09-27 19:45; Nothing; Xlenovo
Wolves; ; ; ; ; ; ; ; ; 6/5; ; ; ; ; ; ; ; ; ; ; ; ; 6/5; ; ; ; ; 8/15; ; 
Sheffield Utd; ; ; ; ; ; ; ; ; 2; ; ; ; ; ; ; ; ; ; ; ; ; 2; ; ; ; ; 4/5; ; 
Draw; ; ; ; ; ; ; ; ; 5/2; ; ; ; ; ; ; ; ; ; ; ; ; 5/2; ; ; ; ; 2; ; 
META; english/championship/sheffield-utd-v-wolves; 2017-09-20 18:22:05 GMT+3; 2017-09-27 19:45; Nothing; Xlenovo
Wolves; ; ; ; ; ; ; ; ; 6/5; ; ; ; ; ; ; ; ; ; ; ; ; 6/5; ; ; ; ; 8/15; ; 
Sheffield Utd; ; ; ; ; ; ; ; ; 2; ; ; ; ; ; ; ; ; ; ; ; ; 2; ; ; ; ; 4/5; ; 
Draw; ; ; ; ; ; ; ; ; 5/2; ; ; ; ; ; ; ; ; ; ; ; ; 5/2; ; ; ; ; 21/10; ; 
META; english/championship/sheffield-utd-v-wolves; 2017-09-20 22:22:45 GMT+3; 2017-09-27 19:45; Nothing; Xlenovo
Wolves; ; ; ; ; ; ; ; ; 6/5; ; ; ; ; ; ; ; ; ; ; ; ; 6/5; ; ; ; ; 20/21; ; 
Sheffield Utd; ; ; ; ; ; ; ; ; 2; ; ; ; ; ; ; ; ; ; ; ; ; 2; ; ; ; ; 6/4; ; 
Draw; ; ; ; ; ; ; ; ; 5/2; ; ; ; ; ; ; ; ; ; ; ; ; 5/2; ; ; ; ; 11/5; ; 
META; english/championship/sheffield-utd-v-wolves; 2017-09-21 02:22:32 GMT+3; 2017-09-27 19:45; Nothing; Xlenovo
Wolves; ; ; ; ; ; ; ; ; 6/5; ; ; ; ; ; ; ; ; ; ; ; ; 6/5; ; ; ; ; 20/21; ; 
Sheffield Utd; ; ; ; ; ; ; ; ; 2; ; ; ; ; ; ; ; ; ; ; ; ; 2; ; ; ; ; 6/4; ; 
Draw; ; ; ; ; ; ; ; ; 5/2; ; ; ; ; ; ; ; ; ; ; ; ; 5/2; ; ; ; ; 11/5; ; 
META; english/championship/sheffield-utd-v-wolves; 2017-09-21 10:22:41 GMT+3; 2017-09-27 19:45; Nothing; Xlenovo
Wolves; ; ; ; ; ; ; ; ; 6/5; ; ; ; ; ; ; ; ; ; ; ; ; 6/5; ; ; ; ; 20/21; ; 
Sheffield Utd; ; ; ; ; ; ; ; ; 2; ; ; ; ; ; ; ; ; ; ; ; ; 2; ; ; ; ; 6/4; ; 
Draw; ; ; ; ; ; ; ; ; 5/2; ; ; ; ; ; ; ; ; ; ; ; ; 5/2; ; ; ; ; 11/5; ; 
META; english/championship/sheffield-utd-v-wolves; 2017-09-21 14:22:50 GMT+3; 2017-09-27 19:45; Nothing; Xlenovo
Wolves; ; ; ; ; ; ; ; ; 6/5; ; ; ; ; ; ; ; ; ; ; ; ; 6/5; ; ; ; ; 20/21; ; 
Sheffield Utd; ; ; ; ; ; ; ; ; 2; ; ; ; ; ; ; ; ; ; ; ; ; 2; ; ; ; ; 6/4; ; 
Draw; ; ; ; ; ; ; ; ; 5/2; ; ; ; ; ; ; ; ; ; ; ; ; 5/2; ; ; ; ; 11/5; ; 
META; english/championship/sheffield-utd-v-wolves; 2017-09-21 18:22:44 GMT+3; 2017-09-27 19:45; Nothing; Xlenovo
Wolves; ; ; ; ; ; ; ; ; 6/5; ; ; ; ; ; ; ; ; ; ; ; ; 6/5; ; ; ; ; 20/21; ; 
Sheffield Utd; ; ; ; ; ; ; ; ; 2; ; ; ; ; ; ; ; ; ; ; ; ; 2; ; ; ; ; 6/4; ; 
Draw; ; ; ; ; ; ; ; ; 5/2; ; ; ; ; ; ; ; ; ; ; ; ; 5/2; ; ; ; ; 11/5; ; 
META; english/championship/sheffield-utd-v-wolves; 2017-09-21 22:23:01 GMT+3; 2017-09-27 19:45; Nothing; Xlenovo
Wolves; ; ; ; ; ; ; ; ; 6/5; ; ; ; ; ; ; ; ; ; ; ; ; 6/5; ; ; ; ; 1; ; 
Sheffield Utd; ; ; ; ; ; ; ; ; 2; ; ; ; ; ; ; ; ; ; ; ; ; 2; ; ; ; ; 6/4; ; 
Draw; ; ; ; ; ; ; ; ; 5/2; ; ; ; ; ; ; ; ; ; ; ; ; 5/2; ; ; ; ; 11/5; ; 
META; english/championship/sheffield-utd-v-wolves; 2017-09-22 02:22:44 GMT+3; 2017-09-27 19:45; Nothing; Xlenovo
Wolves; ; ; ; ; ; ; ; ; 6/5; ; ; ; ; ; ; ; ; ; ; ; ; 6/5; ; ; ; ; 1; ; 
Sheffield Utd; ; ; ; ; ; ; ; ; 2; ; ; ; ; ; ; ; ; ; ; ; ; 2; ; ; ; ; 6/4; ; 
Draw; ; ; ; ; ; ; ; ; 5/2; ; ; ; ; ; ; ; ; ; ; ; ; 5/2; ; ; ; ; 11/5; ; 
META; english/championship/sheffield-utd-v-wolves; 2017-09-22 10:22:46 GMT+3; 2017-09-27 19:45; Nothing; Xlenovo
Wolves; ; ; ; ; ; ; ; ; 6/5; ; ; ; ; ; ; ; ; ; ; ; ; 6/5; ; ; ; ; 1; ; 
Sheffield Utd; ; ; ; ; ; ; ; ; 2; ; ; ; ; ; ; ; ; ; ; ; ; 2; ; ; ; ; 6/4; ; 
Draw; ; ; ; ; ; ; ; ; 5/2; ; ; ; ; ; ; ; ; ; ; ; ; 5/2; ; ; ; ; 11/5; ; 
META; english/championship/sheffield-utd-v-wolves; 2017-09-22 14:24:30 GMT+3; 2017-09-27 19:45; Nothing; Xlenovo
Wolves; ; ; ; ; ; ; ; ; 6/5; ; ; ; ; ; ; ; ; ; ; ; ; 6/5; ; ; ; ; 1; ; 
Sheffield Utd; ; ; ; ; ; ; ; ; 2; ; ; ; ; ; ; ; ; ; ; ; ; 2; ; ; ; ; 6/4; ; 
Draw; ; ; ; ; ; ; ; ; 5/2; ; ; ; ; ; ; ; ; ; ; ; ; 5/2; ; ; ; ; 11/5; ; 
META; english/championship/sheffield-utd-v-wolves; 2017-09-22 18:23:11 GMT+3; 2017-09-27 19:45; Nothing; Xlenovo
Wolves; ; ; ; ; ; ; ; ; 6/5; ; ; ; ; ; ; ; ; ; ; ; ; 6/5; ; ; ; ; 1; ; 
Sheffield Utd; ; ; ; ; ; ; ; ; 2; ; ; ; ; ; ; ; ; ; ; ; ; 2; ; ; ; ; 6/4; ; 
Draw; ; ; ; ; ; ; ; ; 5/2; ; ; ; ; ; ; ; ; ; ; ; ; 5/2; ; ; ; ; 11/5; ; 
META; english/championship/sheffield-utd-v-wolves; 2017-09-22 22:23:13 GMT+3; 2017-09-27 19:45; Nothing; Xlenovo
Wolves; ; ; ; ; ; ; ; ; 6/5; ; ; ; ; ; ; ; ; ; ; ; ; 6/5; ; ; ; ; 1; ; 
Sheffield Utd; ; ; ; ; ; ; ; ; 2; ; ; ; ; ; ; ; ; ; ; ; ; 2; ; ; ; ; 6/4; ; 
Draw; ; ; ; ; ; ; ; ; 5/2; ; ; ; ; ; ; ; ; ; ; ; ; 5/2; ; ; ; ; 11/5; ; 
META; english/championship/sheffield-utd-v-wolves; 2017-09-23 02:22:55 GMT+3; 2017-09-27 19:45; Nothing; Xlenovo
Wolves; ; ; ; ; ; ; ; ; 6/5; ; ; ; ; ; ; ; ; ; ; ; ; 6/5; ; ; ; ; 1; ; 
Sheffield Utd; ; ; ; ; ; ; ; ; 2; ; ; ; ; ; ; ; ; ; ; ; ; 2; ; ; ; ; 6/4; ; 
Draw; ; ; ; ; ; ; ; ; 5/2; ; ; ; ; ; ; ; ; ; ; ; ; 5/2; ; ; ; ; 11/5; ; 
META; english/championship/sheffield-utd-v-wolves; 2017-09-23 10:22:51 GMT+3; 2017-09-27 19:45; Nothing; Xlenovo
Wolves; ; ; ; ; ; ; ; ; 6/5; ; ; ; ; ; ; ; ; ; ; ; ; 6/5; ; ; ; ; 1; ; 
Sheffield Utd; ; ; ; ; ; ; ; ; 2; ; ; ; ; ; ; ; ; ; ; ; ; 2; ; ; ; ; 6/4; ; 
Draw; ; ; ; ; ; ; ; ; 5/2; ; ; ; ; ; ; ; ; ; ; ; ; 5/2; ; ; ; ; 11/5; ; 
META; english/championship/sheffield-utd-v-wolves; 2017-09-23 14:24:20 GMT+3; 2017-09-27 19:45; Nothing; Xlenovo
Wolves; ; ; ; ; ; ; ; ; 6/5; ; ; ; ; ; ; ; ; ; ; ; ; 6/5; ; ; ; ; 21/20; ; 
Sheffield Utd; ; ; ; ; ; ; ; ; 2; ; ; ; ; ; ; ; ; ; ; ; ; 2; ; ; ; ; 13/8; ; 
Draw; ; ; ; ; ; ; ; ; 5/2; ; ; ; ; ; ; ; ; ; ; ; ; 5/2; ; ; ; ; 11/5; ; 
META; english/championship/sheffield-utd-v-wolves; 2017-09-23 18:23:25 GMT+3; 2017-09-27 19:45; Nothing; Xlenovo
Wolves; ; ; ; ; ; ; ; ; 6/5; ; ; ; ; ; ; ; ; ; ; ; ; 6/5; ; ; ; ; 21/20; ; 
Sheffield Utd; ; ; ; ; ; ; ; ; 2; ; ; ; ; ; ; ; ; ; ; ; ; 2; ; ; ; ; 13/8; ; 
Draw; ; ; ; ; ; ; ; ; 5/2; ; ; ; ; ; ; ; ; ; ; ; ; 5/2; ; ; ; ; 11/5; ; 
META; english/championship/sheffield-utd-v-wolves; 2017-09-23 22:22:22 GMT+3; 2017-09-27 19:45; Nothing; Xlenovo
Wolves; 8/5; 8/5; ; 6/4; 13/8; ; 17/10; 13/8; 17/10; ; ; ; ; ; ; 8/5; ; 17/10; 28/17; 33/20; ; 17/10; ; 8/5; 31/20; ; 21/20; ; 
Sheffield Utd; 8/5; 8/5; ; 6/4; 8/5; ; 13/8; 13/8; 6/4; ; ; ; ; ; ; 17/10; ; 6/4; 17/11; 9/5; ; 6/4; ; 8/5; 13/8; ; 13/8; ; 
Draw; 12/5; 23/10; ; 12/5; 23/10; ; 12/5; 23/10; 12/5; ; ; ; ; ; ; 5/2; ; 40/17; 27/11; 5/2; ; 40/17; ; 23/10; 49/20; ; 11/5; ; 
META; english/championship/sheffield-utd-v-wolves; 2017-09-24 02:21:53 GMT+3; 2017-09-27 19:45; Nothing; Xlenovo
Wolves; 8/5; 8/5; ; 6/4; 13/8; ; 17/10; 13/8; 17/10; ; ; 13/8; ; ; ; 17/10; ; 17/10; 28/17; 33/20; ; 17/10; ; 8/5; 31/20; ; 21/20; ; 
Sheffield Utd; 8/5; 8/5; ; 6/4; 8/5; ; 13/8; 13/8; 6/4; ; ; 8/5; ; ; ; 8/5; ; 6/4; 17/11; 9/5; ; 6/4; ; 8/5; 13/8; ; 13/8; ; 
Draw; 12/5; 23/10; ; 12/5; 23/10; ; 12/5; 23/10; 12/5; ; ; 12/5; ; ; ; 5/2; ; 40/17; 27/11; 5/2; ; 40/17; ; 23/10; 49/20; ; 11/5; ; 
META; english/championship/sheffield-utd-v-wolves; 2017-09-24 10:21:51 GMT+3; 2017-09-27 19:45; Nothing; Xlenovo
Wolves; 8/5; 8/5; ; 6/4; 13/8; 17/10; 17/10; 13/8; 17/10; ; ; 13/8; ; ; ; 8/5; 8/5; 17/10; 28/17; 33/20; ; 17/10; ; 8/5; 31/20; ; 6/5; ; 
Sheffield Utd; 8/5; 8/5; ; 6/4; 8/5; 17/10; 13/8; 13/8; 6/4; ; ; 8/5; ; ; ; 17/10; 8/5; 6/4; 8/5; 9/5; ; 6/4; ; 8/5; 13/8; ; 13/8; ; 
Draw; 12/5; 23/10; ; 12/5; 23/10; 12/5; 12/5; 23/10; 12/5; ; ; 12/5; ; ; ; 5/2; 23/10; 40/17; 27/11; 5/2; ; 40/17; ; 23/10; 49/20; ; 11/5; ; 
META; english/championship/sheffield-utd-v-wolves; 2017-09-24 14:21:52 GMT+3; 2017-09-27 19:45; Nothing; Xlenovo
Wolves; 29/20; 6/4; ; 6/4; 6/4; 17/10; 8/5; 6/4; 17/10; 17/11; 31/20; 31/20; ; 13/8; ; 17/11; 8/5; 17/10; 17/11; 8/5; 7/5; 17/10; ; 6/4; 6/4; ; 6/5; ; 
Sheffield Utd; 7/4; 9/5; ; 15/8; 7/4; 17/10; 7/4; 9/5; 6/4; 9/5; 15/8; 15/8; ; 15/8; ; 9/5; 8/5; 6/4; 7/4; 193/100; 28/17; 6/4; ; 9/5; 7/4; ; 13/8; ; 
Draw; 12/5; 23/10; ; 11/5; 23/10; 12/5; 23/10; 23/10; 5/2; 21/10; 21/10; 21/10; ; 12/5; ; 9/4; 23/10; 27/11; 40/17; 12/5; 9/4; 27/11; ; 11/5; 47/20; ; 11/5; ; 
META; english/championship/sheffield-utd-v-wolves; 2017-09-24 18:21:43 GMT+3; 2017-09-27 19:45; Nothing; Xlenovo
Wolves; 29/20; 6/4; ; 6/4; 6/4; 17/10; 31/20; 6/4; 16/11; 17/11; 31/20; 31/20; 8/5; 6/4; 6/4; 17/11; 8/5; 16/11; 17/11; 161/100; 16/11; 16/11; 8/5; 8/5; 6/4; ; 11/8; ; 
Sheffield Utd; 7/4; 9/5; ; 15/8; 7/4; 17/10; 9/5; 9/5; 7/4; 9/5; 15/8; 9/5; 9/5; 9/5; 15/8; 9/5; 8/5; 7/4; 9/5; 191/100; 17/10; 7/4; 9/5; 9/5; 7/4; ; 13/8; ; 
Draw; 12/5; 23/10; ; 11/5; 23/10; 12/5; 23/10; 23/10; 27/11; 21/10; 21/10; 11/5; 9/4; 23/10; 23/10; 9/4; 23/10; 12/5; 23/10; 12/5; 23/10; 12/5; 23/10; 11/5; 47/20; ; 11/5; ; 
META; english/championship/sheffield-utd-v-wolves; 2017-09-24 22:21:44 GMT+3; 2017-09-27 19:45; Nothing; Xlenovo
Wolves; 29/20; 6/4; 8/5; 6/4; 6/4; 13/8; 31/20; 6/4; 16/11; 17/11; 8/5; 31/20; 8/5; 6/4; 6/4; 17/11; 17/11; 16/11; 17/11; 13/8; 16/11; 16/11; 8/5; 8/5; 6/4; ; 13/10; 7/5; 
Sheffield Utd; 7/4; 9/5; 37/20; 15/8; 7/4; 7/4; 9/5; 9/5; 7/4; 9/5; 9/5; 9/5; 9/5; 9/5; 15/8; 9/5; 28/17; 7/4; 9/5; 19/10; 17/10; 7/4; 9/5; 9/5; 7/4; ; 13/8; 13/8; 
Draw; 12/5; 23/10; 43/20; 11/5; 23/10; 12/5; 23/10; 23/10; 27/11; 21/10; 21/10; 11/5; 9/4; 23/10; 23/10; 9/4; 23/10; 12/5; 23/10; 12/5; 23/10; 12/5; 23/10; 11/5; 47/20; ; 11/5; 19/10; 
META; english/championship/sheffield-utd-v-wolves; 2017-09-25 02:21:25 GMT+3; 2017-09-27 19:45; Nothing; Xlenovo
Wolves; 29/20; 6/4; 8/5; 6/4; 6/4; 13/8; 31/20; 6/4; 16/11; 17/11; 8/5; 8/5; 8/5; 6/4; 8/5; 17/11; 17/11; 16/11; 17/11; 161/100; 16/11; 16/11; 8/5; 8/5; 6/4; ; 13/10; 7/5; 
Sheffield Utd; 7/4; 9/5; 15/8; 15/8; 7/4; 7/4; 9/5; 9/5; 7/4; 28/15; 15/8; 15/8; 9/5; 9/5; 9/5; 9/5; 28/17; 7/4; 9/5; 193/100; 17/10; 7/4; 9/5; 9/5; 37/20; ; 13/8; 17/10; 
Draw; 12/5; 23/10; 43/20; 11/5; 23/10; 12/5; 23/10; 23/10; 27/11; 21/10; 21/10; 21/10; 9/4; 23/10; 11/5; 9/4; 23/10; 12/5; 9/4; 119/50; 23/10; 12/5; 23/10; 11/5; 9/4; ; 11/5; 19/10; 
META; english/championship/sheffield-utd-v-wolves; 2017-09-25 10:21:44 GMT+3; 2017-09-27 19:45; Nothing; Xlenovo
Wolves; 31/20; 6/4; 8/5; 6/4; 6/4; 13/8; 31/20; 6/4; 16/11; 17/11; 31/20; 6/4; 8/5; 6/4; 8/5; 6/4; 17/11; 16/11; 6/4; 8/5; 16/11; 16/11; 8/5; 6/4; 6/4; ; 7/5; 7/5; 
Sheffield Utd; 2; 15/8; 15/8; 15/8; 9/5; 7/4; 15/8; 9/5; 7/4; 28/15; 15/8; 19/10; 9/5; 15/8; 9/5; 15/8; 28/17; 7/4; 19/10; 49/25; 17/10; 7/4; 9/5; 15/8; 37/20; ; 9/5; 17/10; 
Draw; 23/10; 9/4; 43/20; 11/5; 11/5; 12/5; 9/4; 9/4; 27/11; 21/10; 21/10; 21/10; 9/4; 23/10; 11/5; 11/5; 23/10; 12/5; 9/4; 47/20; 23/10; 12/5; 23/10; 11/5; 9/4; ; 11/5; 19/10; 
META; english/championship/sheffield-utd-v-wolves; 2017-09-25 14:21:52 GMT+3; 2017-09-27 19:45; Nothing; Xlenovo
Wolves; 31/20; 6/4; 17/11; 6/4; 6/4; 13/8; 31/20; 6/4; 31/21; 31/20; 6/4; 8/5; 6/4; 6/4; 8/5; 6/4; 17/11; 16/11; 6/4; 13/8; 16/11; ; 8/5; 6/4; 6/4; ; 7/5; 7/5; 6/4
Sheffield Utd; 2; 15/8; 28/15; 15/8; 9/5; 7/4; 15/8; 9/5; 15/8; 15/8; 19/10; 15/8; 15/8; 15/8; 9/5; 15/8; 28/17; 24/13; 24/13; 193/100; 17/10; ; 9/5; 15/8; 37/20; ; 9/5; 17/10; 19/10
Draw; 23/10; 9/4; 21/10; 11/5; 11/5; 12/5; 9/4; 9/4; 40/17; 21/10; 21/10; 43/20; 9/4; 23/10; 11/5; 11/5; 23/10; 23/10; 9/4; 47/20; 23/10; ; 23/10; 11/5; 9/4; ; 21/10; 2; 23/10
META; english/championship/sheffield-utd-v-wolves; 2017-09-25 18:21:42 GMT+3; 2017-09-27 19:45; Nothing; Xlenovo
Wolves; 31/20; 6/4; 17/11; 6/4; 29/20; 31/20; 6/4; 6/4; 31/21; 31/20; 6/4; 8/5; 6/4; 6/4; 8/5; 6/4; 16/11; 16/11; 6/4; 8/5; 17/11; ; 8/5; 6/4; 6/4; ; 7/5; 7/5; 6/4
Sheffield Utd; 2; 15/8; 9/5; 9/5; 15/8; 37/20; 15/8; 9/5; 15/8; 15/8; 19/10; 15/8; 9/5; 15/8; 9/5; 15/8; 7/4; 24/13; 19/10; 49/25; 7/4; ; 9/5; 15/8; 37/20; ; 9/5; 7/4; 19/10
Draw; 23/10; 9/4; 21/10; 23/10; 11/5; 12/5; 23/10; 9/4; 40/17; 21/10; 21/10; 43/20; 9/4; 23/10; 11/5; 11/5; 23/10; 23/10; 9/4; 59/25; 40/17; ; 23/10; 11/5; 9/4; ; 9/4; 2; 23/10
META; english/championship/sheffield-utd-v-wolves; 2017-09-25 22:21:55 GMT+3; 2017-09-27 19:45; Nothing; Xlenovo
Wolves; 31/20; 6/4; 17/11; 6/4; 6/4; 31/20; 8/5; 6/4; 31/21; 31/20; 6/4; 29/20; 6/4; 13/8; 8/5; 6/4; 16/11; 16/11; 17/11; 13/8; 17/11; 16/11; 8/5; 6/4; 6/4; ; 7/5; 7/5; 8/5
Sheffield Utd; 2; 9/5; 28/15; 9/5; 9/5; 37/20; 2; 9/5; 15/8; 15/8; 19/10; 15/8; 9/5; 19/10; 9/5; 15/8; 7/4; 24/13; 19/10; 197/100; 7/4; 24/13; 9/5; 15/8; 19/10; ; 15/8; 7/4; 19/10
Draw; 23/10; 23/10; 21/10; 23/10; 11/5; 12/5; 23/10; 9/4; 40/17; 21/10; 21/10; 43/20; 9/4; 12/5; 11/5; 9/4; 23/10; 23/10; 11/5; 23/10; 40/17; 23/10; 23/10; 11/5; 9/4; ; 9/4; 2; 9/4
META; english/championship/sheffield-utd-v-wolves; 2017-09-26 02:21:48 GMT+3; 2017-09-27 19:45; Nothing; Xlenovo
Wolves; 31/20; 6/4; 17/11; 6/4; 6/4; 31/20; 8/5; 6/4; 31/21; 31/20; 6/4; 29/20; 6/4; 13/8; 8/5; 6/4; 16/11; 16/11; 17/11; 13/8; 17/11; 16/11; 8/5; 6/4; 6/4; ; 6/4; 7/5; 8/5
Sheffield Utd; 2; 9/5; 28/15; 9/5; 9/5; 37/20; 2; 9/5; 15/8; 15/8; 19/10; 15/8; 9/5; 19/10; 9/5; 15/8; 7/4; 24/13; 19/10; 197/100; 7/4; 24/13; 9/5; 15/8; 19/10; ; 19/10; 9/5; 19/10
Draw; 23/10; 23/10; 21/10; 23/10; 11/5; 12/5; 23/10; 9/4; 40/17; 21/10; 21/10; 43/20; 9/4; 12/5; 11/5; 9/4; 23/10; 23/10; 11/5; 23/10; 40/17; 23/10; 23/10; 11/5; 9/4; ; 9/4; 2; 9/4
META; english/championship/sheffield-utd-v-wolves; 2017-09-26 10:21:51 GMT+3; 2017-09-27 19:45; Nothing; Xlenovo
Wolves; 31/20; 6/4; 17/11; 6/4; 6/4; 8/5; 8/5; 6/4; 31/21; 31/20; 6/4; 29/20; 6/4; 13/8; 8/5; 6/4; 6/4; 16/11; 17/11; 13/8; 17/11; 16/11; 8/5; 6/4; 6/4; ; 7/5; 7/5; 8/5
Sheffield Utd; 2; 9/5; 28/15; 9/5; 9/5; 39/20; 2; 9/5; 15/8; 15/8; 19/10; 15/8; 9/5; 19/10; 9/5; 15/8; 24/13; 24/13; 19/10; 197/100; 7/4; 24/13; 9/5; 15/8; 19/10; ; 19/10; 15/8; 19/10
Draw; 23/10; 23/10; 21/10; 23/10; 11/5; 11/5; 23/10; 9/4; 40/17; 21/10; 21/10; 43/20; 9/4; 12/5; 11/5; 9/4; 21/10; 23/10; 11/5; 23/10; 40/17; 23/10; 23/10; 11/5; 9/4; ; 11/5; 2; 9/4
META; english/championship/sheffield-utd-v-wolves; 2017-09-26 14:22:16 GMT+3; 2017-09-27 19:45; Nothing; Xlenovo
Wolves; 31/20; 6/4; 17/11; 6/4; 6/4; 8/5; 8/5; 6/4; 31/21; 31/20; 6/4; 29/20; 6/4; 13/8; 8/5; 6/4; 6/4; 16/11; 17/11; 13/8; 17/11; 16/11; 8/5; 6/4; 6/4; ; 6/4; 7/5; 8/5
Sheffield Utd; 2; 9/5; 28/15; 15/8; 9/5; 39/20; 2; 9/5; 15/8; 15/8; 19/10; 15/8; 9/5; 19/10; 9/5; 15/8; 24/13; 24/13; 19/10; 197/100; 7/4; 24/13; 9/5; 15/8; 19/10; ; 15/8; 9/5; 19/10
Draw; 23/10; 23/10; 21/10; 11/5; 11/5; 11/5; 23/10; 9/4; 40/17; 21/10; 21/10; 43/20; 9/4; 12/5; 11/5; 9/4; 21/10; 23/10; 11/5; 23/10; 40/17; 23/10; 23/10; 11/5; 9/4; ; 11/5; 21/10; 9/4
META; english/championship/sheffield-utd-v-wolves; 2017-09-26 18:22:01 GMT+3; 2017-09-27 19:45; Nothing; Xlenovo
Wolves; 31/20; 6/4; 17/11; 6/4; 6/4; 8/5; 8/5; 6/4; 31/21; 31/20; 6/4; 29/20; 6/4; ; 8/5; 6/4; 6/4; 16/11; 17/11; 13/8; 13/8; 16/11; 8/5; 8/5; 6/4; ; 6/4; 7/5; 8/5
Sheffield Utd; 2; 9/5; 28/15; 15/8; 9/5; 39/20; 2; 9/5; 15/8; 15/8; 9/5; 15/8; 9/5; ; 9/5; 19/10; 24/13; 24/13; 24/13; 197/100; 7/4; 24/13; 9/5; 15/8; 19/10; ; 15/8; 9/5; 19/10
Draw; 23/10; 23/10; 21/10; 11/5; 11/5; 11/5; 23/10; 9/4; 40/17; 21/10; 9/4; 43/20; 9/4; ; 11/5; 23/10; 21/10; 23/10; 11/5; 23/10; 9/4; 23/10; 23/10; 11/5; 9/4; ; 11/5; 21/10; 23/10
META; english/championship/sheffield-utd-v-wolves; 2017-09-26 22:21:49 GMT+3; 2017-09-27 19:45; Nothing; Xlenovo
Wolves; 13/8; 6/4; 17/11; 6/4; 6/4; 8/5; 13/8; 6/4; 31/21; 31/20; 8/5; 29/20; 6/4; 13/8; 8/5; 8/5; 6/4; 16/11; 17/11; 41/25; 13/8; 16/11; 8/5; 8/5; 6/4; ; 6/4; 6/4; 13/8
Sheffield Utd; 19/10; 9/5; 9/5; 15/8; 9/5; 39/20; 19/10; 9/5; 15/8; 15/8; 9/5; 37/20; 9/5; 19/10; 9/5; 15/8; 24/13; 24/13; 24/13; 39/20; 7/4; 24/13; 9/5; 15/8; 37/20; ; 9/5; 9/5; 19/10
Draw; 23/10; 23/10; 21/10; 11/5; 11/5; 11/5; 23/10; 9/4; 40/17; 21/10; 21/10; 43/20; 9/4; 12/5; 11/5; 9/4; 21/10; 23/10; 11/5; 23/10; 9/4; 23/10; 23/10; 11/5; 9/4; ; 11/5; 11/5; 23/10
META; english/championship/sheffield-utd-v-wolves; 2017-09-27 02:21:17 GMT+3; 2017-09-27 19:45; Nothing; Xlenovo
Wolves; 13/8; 6/4; 17/11; 6/4; 6/4; 8/5; 13/8; 6/4; 31/21; 31/20; 8/5; 29/20; 6/4; 13/8; 8/5; 8/5; 6/4; 16/11; 17/11; 41/25; 17/11; 16/11; 8/5; 8/5; 6/4; ; 6/4; 6/4; 13/8
Sheffield Utd; 19/10; 9/5; 28/15; 15/8; 9/5; 39/20; 19/10; 9/5; 15/8; 15/8; 9/5; 15/8; 15/8; 19/10; 9/5; 15/8; 24/13; 24/13; 24/13; 39/20; 19/10; 24/13; 9/5; 15/8; 37/20; ; 15/8; 9/5; 19/10
Draw; 23/10; 9/4; 21/10; 11/5; 11/5; 11/5; 23/10; 9/4; 40/17; 21/10; 21/10; 43/20; 11/5; 12/5; 11/5; 9/4; 21/10; 23/10; 11/5; 23/10; 11/5; 23/10; 23/10; 11/5; 9/4; ; 21/10; 11/5; 23/10
META; english/championship/sheffield-utd-v-wolves; 2017-09-27 10:21:29 GMT+3; 2017-09-27 19:45; Nothing; Xlenovo
Wolves; 13/8; 6/4; 17/11; 6/4; 6/4; 8/5; 31/20; 6/4; 31/21; 8/5; 8/5; 7/5; 6/4; 13/8; 8/5; 8/5; 6/4; 16/11; 17/11; 163/100; 17/11; 16/11; 8/5; 8/5; 6/4; ; 13/8; 6/4; 
Sheffield Utd; 19/10; 15/8; 28/15; 15/8; 9/5; 39/20; 2; 9/5; 15/8; 19/10; 9/5; 19/10; 15/8; 19/10; 9/5; 19/10; 24/13; 24/13; 19/10; 99/50; 19/10; 24/13; 9/5; 15/8; 19/10; ; 15/8; 19/10; 
Draw; 23/10; 9/4; 21/10; 11/5; 11/5; 11/5; 23/10; 9/4; 40/17; 11/5; 21/10; 43/20; 11/5; 12/5; 11/5; 9/4; 21/10; 23/10; 11/5; 57/25; 11/5; 23/10; 23/10; 11/5; 9/4; ; 21/10; 21/10; 8/5
META; english/championship/sheffield-utd-v-wolves; 2017-09-27 14:22:34 GMT+3; 2017-09-27 19:45; Nothing; Xlenovo
Wolves; 31/20; 6/4; 17/11; 6/4; 6/4; 8/5; 31/20; 13/8; 31/21; 8/5; 6/4; 7/5; 6/4; 6/4; 8/5; 6/4; 6/4; 16/11; 6/4; 13/8; 17/11; 16/11; 6/4; 6/4; 31/20; ; 6/4; 6/4; 6/4
Sheffield Utd; 2; 15/8; 2; 15/8; 19/10; 39/20; 2; 7/4; 15/8; 2; 19/10; 19/10; 15/8; 2; 19/10; 19/10; 24/13; 24/13; 37/19; 101/50; 19/10; 24/13; 15/8; 19/10; 19/10; ; 19/10; 19/10; 2
Draw; 23/10; 9/4; 11/5; 11/5; 21/10; 11/5; 23/10; 11/5; 40/17; 9/4; 11/5; 43/20; 11/5; 23/10; 21/10; 9/4; 21/10; 23/10; 11/5; 56/25; 11/5; 23/10; 9/4; 11/5; 9/4; ; 21/10; 21/10; 11/5
META; english/championship/sheffield-utd-v-wolves; 2017-09-27 18:20:42 GMT+3; 2017-09-27 19:45; Nothing; Xlenovo
Wolves; 31/20; 7/5; 6/4; 6/4; 6/4; 6/4; 31/20; 8/5; 31/21; 31/20; 6/4; 11/8; 6/4; 6/4; 8/5; 6/4; 16/11; 16/11; 6/4; 161/100; 22/15; 16/11; 6/4; 6/4; 6/4; ; 6/4; 6/4; 6/4
Sheffield Utd; 2; 19/10; 2; 15/8; 15/8; 41/20; 2; 7/4; 15/8; 2; 19/10; 39/20; 15/8; 2; 19/10; 19/10; 37/19; 24/13; 19/10; 101/50; 2; 24/13; 2; 19/10; 39/20; ; 19/10; 19/10; 2
Draw; 23/10; 23/10; 11/5; 11/5; 11/5; 11/5; 23/10; 11/5; 40/17; 9/4; 11/5; 43/20; 9/4; 23/10; 21/10; 9/4; 21/10; 23/10; 11/5; 113/50; 11/5; 23/10; 9/4; 11/5; 9/4; ; 11/5; 11/5; 9/4
META; english/championship/sheffield-utd-v-wolves; 2017-09-27 22:21:28 GMT+3; 2017-09-27 19:45; In Play; Xlenovo
Sheffield Utd; 4/5; 5/6; 5/6; 17/20; 10/11; 9/10; 4/5; 8/11; 6/7; 10/11; 4/5; 19/20; 5/6; ; 17/20; 10/11; 9/10; ; 28/13; ; ; 6/7; ; 5/6; 10/11; ; 5/6; 20/21; 
Draw; 7/4; 7/4; 9/5; 9/5; 2; 19/10; 15/8; 15/8; 39/19; 19/10; 15/8; 2; 15/8; ; 7/4; 2; 24/13; ; 28/13; ; ; 39/19; ; 9/5; 37/20; ; 21/10; 2; 
Wolves; 11/2; 5; 19/4; 5; 4; 4; 21/4; 11/2; 19/5; 7/2; 7/2; 15/4; 5; ; 4; 7/2; 4; ; 13/10; ; ; 19/5; ; 5; 19/4; ; 4; 4; 
