META; english/fa-cup/stourbridge-v-northampton; 2016-11-18 20:26:29 GMT+2; 2016-12-04 14:00; e70300-dr003
Northampton; 2/5; 2/5; ; ; ; ; 4/11; ; ; ; 4/11; ; ; ; 2/5; ; ; ; ; ; ; ; ; ; ; ; ; ; 
Draw; 15/4; 10/3; ; ; ; ; 15/4; ; ; ; 18/5; ; ; ; 7/2; ; ; ; ; ; ; ; ; ; ; ; ; ; 
Stourbridge; 13/2; 6; ; ; ; ; 13/2; ; ; ; 13/2; ; ; ; ; ; ; ; ; ; ; ; ; ; ; ; ; ; 
META; english/fa-cup/stourbridge-v-northampton; 2016-11-19 00:24:54 GMT+2; 2016-12-04 14:00; e70300-dr003
Northampton; 2/5; 2/5; ; ; ; ; 4/11; ; ; ; 4/11; ; ; ; 2/5; ; ; ; ; ; ; ; ; ; ; ; ; ; 
Draw; 15/4; 10/3; ; ; ; ; 15/4; ; ; ; 18/5; ; ; ; 7/2; ; ; ; ; ; ; ; ; ; ; ; ; ; 
Stourbridge; 13/2; 6; ; ; ; ; 13/2; ; ; ; 13/2; ; ; ; 6; ; ; ; ; ; ; ; ; ; ; ; ; ; 
META; english/fa-cup/stourbridge-v-northampton; 2016-11-19 04:24:29 GMT+2; 2016-12-04 14:00; e70300-dr003
Northampton; 2/5; 2/5; ; ; ; ; 4/11; ; ; ; 4/11; ; ; ; 2/5; ; ; ; ; ; ; ; ; ; ; ; ; ; 
Draw; 15/4; 10/3; ; ; ; ; 15/4; ; ; ; 18/5; ; ; ; 7/2; ; ; ; ; ; ; ; ; ; ; ; ; ; 
Stourbridge; 13/2; 6; ; ; ; ; 13/2; ; ; ; 13/2; ; ; ; 6; ; ; ; ; ; ; ; ; ; ; ; ; ; 
META; english/fa-cup/stourbridge-v-northampton; 2016-11-19 08:25:10 GMT+2; 2016-12-04 14:00; e70300-dr003
Northampton; 2/5; 2/5; ; ; ; ; 4/11; ; ; ; 4/11; ; ; ; 2/5; ; ; ; ; ; ; ; ; ; ; ; ; ; 
Draw; 15/4; 10/3; ; ; ; ; 15/4; ; ; ; 18/5; ; ; ; 7/2; ; ; ; ; ; ; ; ; ; ; ; ; ; 
Stourbridge; 13/2; 6; ; ; ; ; 13/2; ; ; ; 13/2; ; ; ; 6; ; ; ; ; ; ; ; ; ; ; ; ; ; 
META; english/fa-cup/stourbridge-v-northampton; 2016-11-19 12:26:11 GMT+2; 2016-12-04 14:00; e70300-dr003
Northampton; 2/5; 2/5; ; ; ; ; 4/11; ; ; ; 4/11; ; ; ; 2/5; ; ; ; ; ; ; ; ; ; ; ; ; ; 
Draw; 15/4; 10/3; ; ; ; ; 15/4; ; ; ; 18/5; ; ; ; 7/2; ; ; ; ; ; ; ; ; ; ; ; ; ; 
Stourbridge; 13/2; 6; ; ; ; ; 13/2; ; ; ; 13/2; ; ; ; 6; ; ; ; ; ; ; ; ; ; ; ; ; ; 
META; english/fa-cup/stourbridge-v-northampton; 2016-11-19 16:26:26 GMT+2; 2016-12-04 14:00; e70300-dr003
Northampton; 2/5; 2/5; ; ; ; ; 4/11; ; ; ; 4/11; ; ; ; 2/5; ; ; ; ; ; ; ; ; ; ; ; ; ; 
Draw; 15/4; 10/3; ; ; ; ; 15/4; ; ; ; 18/5; ; ; ; 7/2; ; ; ; ; ; ; ; ; ; ; ; ; ; 
Stourbridge; 13/2; 6; ; ; ; ; 13/2; ; ; ; 13/2; ; ; ; 6; ; ; ; ; ; ; ; ; ; ; ; ; ; 
META; english/fa-cup/stourbridge-v-northampton; 2016-11-20 00:25:52 GMT+2; 2016-12-04 14:00; e70300-dr003
Northampton; 2/5; 2/5; ; ; ; ; 4/11; ; ; ; 4/11; ; ; ; 2/5; ; ; ; ; ; ; ; ; ; ; ; ; ; 
Draw; 15/4; 10/3; ; ; ; ; 15/4; ; ; ; 18/5; ; ; ; 7/2; ; ; ; ; ; ; ; ; ; ; ; ; ; 
Stourbridge; 13/2; 6; ; ; ; ; 13/2; ; ; ; 13/2; ; ; ; 6; ; ; ; ; ; ; ; ; ; ; ; ; ; 
META; english/fa-cup/stourbridge-v-northampton; 2016-11-20 04:24:20 GMT+2; 2016-12-04 14:00; e70300-dr003
Northampton; 2/5; 2/5; ; ; ; ; 4/11; ; ; ; 4/11; ; ; ; 2/5; ; ; ; ; ; ; ; ; ; ; ; ; ; 
Draw; 15/4; 10/3; ; ; ; ; 15/4; ; ; ; 18/5; ; ; ; 7/2; ; ; ; ; ; ; ; ; ; ; ; ; ; 
Stourbridge; 13/2; 6; ; ; ; ; 13/2; ; ; ; 13/2; ; ; ; 6; ; ; ; ; ; ; ; ; ; ; ; ; ; 
META; english/fa-cup/stourbridge-v-northampton; 2016-11-20 08:24:39 GMT+2; 2016-12-04 14:00; e70300-dr003
Northampton; 2/5; 2/5; ; ; ; ; 4/11; ; ; ; 4/11; ; ; ; 2/5; ; ; ; ; ; ; ; ; ; ; ; ; ; 
Draw; 15/4; 10/3; ; ; ; ; 15/4; ; ; ; 18/5; ; ; ; 7/2; ; ; ; ; ; ; ; ; ; ; ; ; ; 
Stourbridge; 13/2; 6; ; ; ; ; 13/2; ; ; ; 13/2; ; ; ; 6; ; ; ; ; ; ; ; ; ; ; ; ; ; 
META; english/fa-cup/stourbridge-v-northampton; 2016-11-20 12:25:39 GMT+2; 2016-12-04 14:00; e70300-dr003
Northampton; 2/5; 2/5; ; ; ; ; 4/11; ; ; ; 4/11; ; ; ; 2/5; ; ; ; ; ; ; ; ; ; ; ; ; ; 
Draw; 15/4; 10/3; ; ; ; ; 15/4; ; ; ; 18/5; ; ; ; 7/2; ; ; ; ; ; ; ; ; ; ; ; ; ; 
Stourbridge; 13/2; 6; ; ; ; ; 13/2; ; ; ; 13/2; ; ; ; 6; ; ; ; ; ; ; ; ; ; ; ; ; ; 
META; english/fa-cup/stourbridge-v-northampton; 2016-11-20 16:27:27 GMT+2; 2016-12-04 14:00; e70300-dr003
Northampton; 2/5; 2/5; ; ; ; ; 4/11; ; 2/5; ; 4/11; ; ; ; 2/5; ; ; ; ; ; ; ; ; ; ; ; ; ; 
Draw; 15/4; 10/3; ; ; ; ; 15/4; ; 19/5; ; 18/5; ; ; ; 7/2; ; ; ; ; ; ; ; ; ; ; ; ; ; 
Stourbridge; 13/2; 6; ; ; ; ; 13/2; ; 13/2; ; 13/2; ; ; ; 6; ; ; ; ; ; ; ; ; ; ; ; ; ; 
META; english/fa-cup/stourbridge-v-northampton; 2016-11-20 20:26:37 GMT+2; 2016-12-04 14:00; e70300-dr003
Northampton; 2/5; 2/5; ; ; ; ; 4/11; ; 2/5; ; 4/11; ; ; ; 2/5; ; ; ; ; ; ; ; ; ; ; ; ; ; 
Draw; 15/4; 10/3; ; ; ; ; 15/4; ; 19/5; ; 18/5; ; ; ; 7/2; ; ; ; ; ; ; ; ; ; ; ; ; ; 
Stourbridge; 13/2; 6; ; ; ; ; 13/2; ; 13/2; ; 13/2; ; ; ; 6; ; ; ; ; ; ; ; ; ; ; ; ; ; 
META; english/fa-cup/stourbridge-v-northampton; 2016-11-21 00:24:54 GMT+2; 2016-12-04 14:00; e70300-dr003
Northampton; 2/5; 2/5; ; ; ; ; 4/11; ; 2/5; ; 4/11; ; ; ; 2/5; ; ; ; ; ; ; ; ; ; ; ; ; ; 
Draw; 15/4; 10/3; ; ; ; ; 15/4; ; 19/5; ; 18/5; ; ; ; 7/2; ; ; ; ; ; ; ; ; ; ; ; ; ; 
Stourbridge; 13/2; 6; ; ; ; ; 13/2; ; 13/2; ; 13/2; ; ; ; 6; ; ; ; ; ; ; ; ; ; ; ; ; ; 
META; english/fa-cup/stourbridge-v-northampton; 2016-11-21 04:24:47 GMT+2; 2016-12-04 14:00; e70300-dr003
Northampton; 2/5; 2/5; ; ; ; ; 4/11; ; 2/5; ; 4/11; ; ; ; 2/5; ; ; ; ; ; ; ; ; ; ; ; ; ; 
Draw; 15/4; 10/3; ; ; ; ; 15/4; ; 19/5; ; 18/5; ; ; ; 7/2; ; ; ; ; ; ; ; ; ; ; ; ; ; 
Stourbridge; 13/2; 6; ; ; ; ; 13/2; ; 13/2; ; 13/2; ; ; ; 6; ; ; ; ; ; ; ; ; ; ; ; ; ; 
META; english/fa-cup/stourbridge-v-northampton; 2016-11-21 08:25:03 GMT+2; 2016-12-04 14:00; e70300-dr003
Northampton; 2/5; 2/5; ; ; ; ; 4/11; ; 2/5; ; 4/11; ; ; ; 2/5; ; ; ; ; ; ; ; ; ; ; ; ; ; 
Draw; 15/4; 10/3; ; ; ; ; 15/4; ; 19/5; ; 18/5; ; ; ; 7/2; ; ; ; ; ; ; ; ; ; ; ; ; ; 
Stourbridge; 13/2; 6; ; ; ; ; 13/2; ; 13/2; ; 13/2; ; ; ; 6; ; ; ; ; ; ; ; ; ; ; ; ; ; 
META; english/fa-cup/stourbridge-v-northampton; 2016-11-21 12:25:34 GMT+2; 2016-12-04 14:00; e70300-dr003
Northampton; 2/5; 2/5; ; ; ; ; 4/11; ; 2/5; ; 4/11; ; ; ; 2/5; ; ; ; ; ; ; ; ; ; ; ; ; ; 
Draw; 15/4; 10/3; ; ; ; ; 15/4; ; 19/5; ; 18/5; ; ; ; 7/2; ; ; ; ; ; ; ; ; ; ; ; ; ; 
Stourbridge; 13/2; 6; ; ; ; ; 13/2; ; 13/2; ; 13/2; ; ; ; 6; ; ; ; ; ; ; ; ; ; ; ; ; ; 
META; english/fa-cup/stourbridge-v-northampton; 2016-11-21 16:25:35 GMT+2; 2016-12-04 14:00; e70300-dr003
Northampton; 2/5; 2/5; ; ; ; ; 4/11; ; 2/5; ; 4/11; ; ; ; 2/5; ; ; ; ; ; ; ; ; ; ; ; ; ; 
Draw; 15/4; 10/3; ; ; ; ; 15/4; ; 19/5; ; 18/5; ; ; ; 7/2; ; ; ; ; ; ; ; ; ; ; ; ; ; 
Stourbridge; 13/2; 6; ; ; ; ; 13/2; ; 13/2; ; 13/2; ; ; ; 6; ; ; ; ; ; ; ; ; ; ; ; ; ; 
META; english/fa-cup/stourbridge-v-northampton; 2016-11-21 20:25:42 GMT+2; 2016-12-04 14:00; e70300-dr003
Northampton; 2/5; 2/5; ; ; ; ; 4/11; ; 2/5; ; 4/11; ; ; ; 2/5; ; ; 2/5; ; 2/5; ; ; ; 2/5; ; ; ; ; 
Draw; 15/4; 10/3; ; ; ; ; 15/4; ; 19/5; ; 18/5; ; ; ; 7/2; ; ; 15/4; ; 7/2; ; ; ; 15/4; ; ; ; ; 
Stourbridge; 13/2; 6; ; ; ; ; 13/2; ; 13/2; ; 13/2; ; ; ; 6; ; ; 25/4; ; 31/5; ; ; ; 25/4; ; ; ; ; 
META; english/fa-cup/stourbridge-v-northampton; 2016-11-22 00:24:38 GMT+2; 2016-12-04 14:00; e70300-dr003
Northampton; 2/5; 2/5; ; ; ; ; 4/11; ; 2/5; ; 4/11; ; ; ; 2/5; ; ; 2/5; ; 2/5; ; ; ; 2/5; ; ; ; ; 
Draw; 15/4; 10/3; ; ; ; ; 15/4; ; 19/5; ; 18/5; ; ; ; 7/2; ; ; 15/4; ; 7/2; ; ; ; 15/4; ; ; ; ; 
Stourbridge; 13/2; 6; ; ; ; ; 13/2; ; 13/2; ; 13/2; ; ; ; 6; ; ; 25/4; ; 31/5; ; ; ; 25/4; ; ; ; ; 
META; english/fa-cup/stourbridge-v-northampton; 2016-11-22 04:25:29 GMT+2; 2016-12-04 14:00; e70300-dr003
Northampton; 2/5; 2/5; ; ; ; ; 4/11; ; 2/5; ; 4/11; ; ; ; 2/5; ; ; 2/5; ; 2/5; ; ; ; 2/5; ; ; ; ; 
Draw; 15/4; 10/3; ; ; ; ; 15/4; ; 19/5; ; 18/5; ; ; ; 7/2; ; ; 15/4; ; 7/2; ; ; ; 15/4; ; ; ; ; 
Stourbridge; 13/2; 6; ; ; ; ; 13/2; ; 13/2; ; 13/2; ; ; ; 6; ; ; 25/4; ; 31/5; ; ; ; 25/4; ; ; ; ; 
META; english/fa-cup/stourbridge-v-northampton; 2016-11-22 08:25:30 GMT+2; 2016-12-04 14:00; e70300-dr003
Northampton; 2/5; 2/5; ; ; ; ; 4/11; ; 2/5; ; 4/11; ; ; ; 2/5; ; ; 2/5; ; 2/5; ; ; ; 2/5; ; ; ; ; 
Draw; 15/4; 10/3; ; ; ; ; 15/4; ; 19/5; ; 18/5; ; ; ; 7/2; ; ; 15/4; ; 7/2; ; ; ; 15/4; ; ; ; ; 
Stourbridge; 13/2; 6; ; ; ; ; 13/2; ; 13/2; ; 13/2; ; ; ; 6; ; ; 25/4; ; 31/5; ; ; ; 25/4; ; ; ; ; 
META; english/fa-cup/stourbridge-v-northampton; 2016-11-22 12:26:02 GMT+2; 2016-12-04 14:00; e70300-dr003
Northampton; 2/5; 2/5; ; ; ; ; 4/11; ; 2/5; ; 4/11; ; ; ; 2/5; ; ; 2/5; ; 2/5; ; ; ; 2/5; ; ; ; ; 
Draw; 15/4; 10/3; ; ; ; ; 15/4; ; 19/5; ; 18/5; ; ; ; 7/2; ; ; 15/4; ; 7/2; ; ; ; 15/4; ; ; ; ; 
Stourbridge; 13/2; 6; ; ; ; ; 13/2; ; 13/2; ; 13/2; ; ; ; 6; ; ; 25/4; ; 31/5; ; ; ; 25/4; ; ; ; ; 
META; english/fa-cup/stourbridge-v-northampton; 2016-11-22 16:27:17 GMT+2; 2016-12-04 14:00; e70300-dr003
Northampton; 2/5; 2/5; ; ; ; ; 4/11; ; 2/5; ; 4/11; ; ; ; 2/5; ; ; 2/5; ; 2/5; ; ; ; 2/5; ; ; ; ; 
Draw; 15/4; 10/3; ; ; ; ; 15/4; ; 19/5; ; 18/5; ; ; ; 7/2; ; ; 15/4; ; 7/2; ; ; ; 15/4; ; ; ; ; 
Stourbridge; 13/2; 6; ; ; ; ; 13/2; ; 13/2; ; 13/2; ; ; ; 6; ; ; 25/4; ; 31/5; ; ; ; 25/4; ; ; ; ; 
META; english/fa-cup/stourbridge-v-northampton; 2016-11-22 20:26:55 GMT+2; 2016-12-04 14:00; e70300-dr003
Northampton; 2/5; 2/5; ; ; ; ; 4/11; ; 2/5; ; 4/11; ; 4/11; ; 2/5; ; ; 2/5; ; 2/5; ; ; ; 2/5; ; ; ; ; 
Draw; 15/4; 10/3; ; ; ; ; 15/4; ; 19/5; ; 18/5; ; 7/2; ; 7/2; ; ; 15/4; ; 7/2; ; ; ; 15/4; ; ; ; ; 
Stourbridge; 13/2; 6; ; ; ; ; 13/2; ; 13/2; ; 13/2; ; 7; ; 6; ; ; 25/4; ; 31/5; ; ; ; 25/4; ; ; ; ; 
META; english/fa-cup/stourbridge-v-northampton; 2016-11-23 00:23:58 GMT+2; 2016-12-04 14:00; e70300-dr003
Northampton; 2/5; 2/5; ; ; ; ; 4/11; ; 2/5; ; 4/11; ; 4/11; ; 2/5; ; ; 2/5; ; 2/5; ; ; ; 2/5; ; ; ; ; 
Draw; 15/4; 10/3; ; ; ; ; 15/4; ; 19/5; ; 18/5; ; 7/2; ; 7/2; ; ; 15/4; ; 7/2; ; ; ; 15/4; ; ; ; ; 
Stourbridge; 13/2; 6; ; ; ; ; 13/2; ; 13/2; ; 13/2; ; 7; ; 6; ; ; 25/4; ; 31/5; ; ; ; 25/4; ; ; ; ; 
META; english/fa-cup/stourbridge-v-northampton; 2016-11-23 04:23:53 GMT+2; 2016-12-04 14:00; e70300-dr003
Northampton; 2/5; 2/5; 2/5; 2/5; ; ; 4/11; ; 2/5; ; 4/11; ; 4/11; ; 2/5; ; ; 2/5; ; 2/5; ; ; ; 2/5; ; ; ; ; 
Draw; 15/4; 10/3; 37/10; 15/4; ; ; 15/4; ; 19/5; ; 18/5; ; 7/2; ; 7/2; ; ; 15/4; ; 7/2; ; ; ; 15/4; ; ; ; ; 
Stourbridge; 13/2; 6; 13/2; 13/2; ; ; 13/2; ; 13/2; ; 13/2; ; 7; ; 6; ; ; 25/4; ; 31/5; ; ; ; 25/4; ; ; ; ; 
META; english/fa-cup/stourbridge-v-northampton; 2016-11-23 08:23:31 GMT+2; 2016-12-04 14:00; e70300-dr003
Northampton; 2/5; 2/5; 2/5; 2/5; ; ; 4/11; ; 2/5; ; 4/11; ; 4/11; ; 2/5; ; ; 2/5; ; 2/5; ; ; ; 2/5; ; ; ; ; 
Draw; 15/4; 10/3; 37/10; 15/4; ; ; 15/4; ; 19/5; ; 18/5; ; 7/2; ; 7/2; ; ; 15/4; ; 7/2; ; ; ; 15/4; ; ; ; ; 
Stourbridge; 13/2; 6; 13/2; 13/2; ; ; 13/2; ; 13/2; ; 13/2; ; 7; ; 6; ; ; 25/4; ; 31/5; ; ; ; 25/4; ; ; ; ; 
META; english/fa-cup/stourbridge-v-northampton; 2016-11-23 12:24:10 GMT+2; 2016-12-04 14:00; e70300-dr003
Northampton; 2/5; 2/5; 2/5; 2/5; ; ; 4/11; ; 2/5; ; 4/11; ; 4/11; ; 2/5; ; ; 2/5; ; 2/5; ; ; ; 2/5; ; ; ; ; 
Draw; 15/4; 10/3; 37/10; 15/4; ; ; 15/4; ; 19/5; ; 18/5; ; 7/2; ; 7/2; ; ; 15/4; ; 7/2; ; ; ; 15/4; ; ; ; ; 
Stourbridge; 13/2; 6; 13/2; 13/2; ; ; 13/2; ; 13/2; ; 13/2; ; 15/2; ; 6; ; ; 25/4; ; 31/5; ; ; ; 25/4; ; ; ; ; 
META; english/fa-cup/stourbridge-v-northampton; 2016-11-23 16:23:47 GMT+2; 2016-12-04 14:00; e70300-dr003
Northampton; 2/5; 2/5; 2/5; 2/5; ; 7/20; 4/11; ; 2/5; ; 4/11; ; 4/11; ; 2/5; ; ; 2/5; ; 2/5; ; ; ; 2/5; ; ; ; ; 
Draw; 15/4; 10/3; 37/10; 15/4; ; 7/2; 15/4; ; 19/5; ; 18/5; ; 7/2; ; 7/2; ; ; 15/4; ; 7/2; ; ; ; 15/4; ; ; ; ; 
Stourbridge; 13/2; 6; 13/2; 13/2; ; 11/2; 13/2; ; 13/2; ; 13/2; ; 15/2; ; 6; ; ; 25/4; ; 31/5; ; ; ; 25/4; ; ; ; ; 
META; english/fa-cup/stourbridge-v-northampton; 2016-11-23 20:23:56 GMT+2; 2016-12-04 14:00; e70300-dr003
Northampton; 2/5; 2/5; 2/5; 4/11; ; 7/20; 4/11; ; 2/5; ; 4/11; ; 4/11; ; 2/5; ; ; 2/5; ; 2/5; ; ; ; 2/5; ; ; ; ; 
Draw; 15/4; 10/3; 37/10; 15/4; ; 7/2; 15/4; ; 19/5; ; 18/5; ; 7/2; ; 7/2; ; ; 15/4; ; 7/2; ; ; ; 15/4; ; ; ; ; 
Stourbridge; 13/2; 6; 13/2; 7; ; 11/2; 13/2; ; 13/2; ; 13/2; ; 15/2; ; 6; ; ; 25/4; ; 31/5; ; ; ; 25/4; ; ; ; ; 
META; english/fa-cup/stourbridge-v-northampton; 2016-11-24 00:22:59 GMT+2; 2016-12-04 14:00; e70300-dr003
Northampton; 2/5; 2/5; 2/5; 4/11; ; 7/20; 4/11; ; 2/5; ; 4/11; ; 4/11; ; 2/5; ; ; 2/5; ; 2/5; ; ; ; 2/5; ; ; ; ; 
Draw; 15/4; 10/3; 37/10; 15/4; ; 7/2; 15/4; ; 19/5; ; 18/5; ; 7/2; ; 7/2; ; ; 15/4; ; 7/2; ; ; ; 15/4; ; ; ; ; 
Stourbridge; 13/2; 6; 13/2; 7; ; 11/2; 13/2; ; 13/2; ; 13/2; ; 15/2; ; 6; ; ; 25/4; ; 31/5; ; ; ; 25/4; ; ; ; ; 
META; english/fa-cup/stourbridge-v-northampton; 2016-11-24 04:22:30 GMT+2; 2016-12-04 14:00; e70300-dr003
Northampton; 2/5; 2/5; 2/5; 4/11; ; 7/20; 4/11; ; 2/5; ; 4/11; ; 4/11; ; 2/5; ; ; 2/5; ; 2/5; ; ; ; 2/5; ; ; ; ; 
Draw; 15/4; 10/3; 37/10; 15/4; ; 7/2; 15/4; ; 19/5; ; 18/5; ; 7/2; ; 7/2; ; ; 15/4; ; 7/2; ; ; ; 15/4; ; ; ; ; 
Stourbridge; 13/2; 6; 13/2; 7; ; 11/2; 13/2; ; 13/2; ; 13/2; ; 15/2; ; 6; ; ; 25/4; ; 31/5; ; ; ; 25/4; ; ; ; ; 
META; english/fa-cup/stourbridge-v-northampton; 2016-11-24 08:22:34 GMT+2; 2016-12-04 14:00; e70300-dr003
Northampton; 2/5; 2/5; 2/5; 4/11; ; 7/20; 4/11; ; 2/5; ; 4/11; ; 4/11; ; 2/5; ; ; 2/5; ; 2/5; ; ; ; 2/5; ; ; ; ; 
Draw; 15/4; 10/3; 37/10; 15/4; ; 7/2; 15/4; ; 19/5; ; 18/5; ; 7/2; ; 7/2; ; ; 15/4; ; 7/2; ; ; ; 15/4; ; ; ; ; 
Stourbridge; 13/2; 6; 13/2; 7; ; 11/2; 13/2; ; 13/2; ; 13/2; ; 15/2; ; 6; ; ; 25/4; ; 31/5; ; ; ; 25/4; ; ; ; ; 
META; english/fa-cup/stourbridge-v-northampton; 2016-11-24 12:23:12 GMT+2; 2016-12-04 14:00; e70300-dr003
Northampton; 2/5; 2/5; 2/5; 4/11; ; 7/20; 4/11; ; 2/5; ; 4/11; ; 4/11; ; 2/5; ; ; 2/5; ; 2/5; ; ; ; 2/5; ; ; ; ; 
Draw; 15/4; 10/3; 37/10; 15/4; ; 7/2; 15/4; ; 19/5; ; 18/5; ; 7/2; ; 7/2; ; ; 15/4; ; 7/2; ; ; ; 15/4; ; ; ; ; 
Stourbridge; 13/2; 6; 13/2; 7; ; 11/2; 13/2; ; 13/2; ; 13/2; ; 15/2; ; 6; ; ; 25/4; ; 31/5; ; ; ; 25/4; ; ; ; ; 
META; english/fa-cup/stourbridge-v-northampton; 2016-11-24 16:23:30 GMT+2; 2016-12-04 14:00; e70300-dr003
Northampton; 2/5; 2/5; 2/5; 4/11; ; 7/20; 4/11; ; 2/5; ; 4/11; ; 4/11; ; 2/5; ; ; 2/5; ; 2/5; ; ; ; 2/5; ; ; ; ; 
Draw; 15/4; 10/3; 37/10; 15/4; ; 7/2; 15/4; ; 19/5; ; 18/5; ; 7/2; ; 7/2; ; ; 15/4; ; 7/2; ; ; ; 15/4; ; ; ; ; 
Stourbridge; 13/2; 6; 13/2; 7; ; 11/2; 13/2; ; 13/2; ; 13/2; ; 15/2; ; 6; ; ; 25/4; ; 31/5; ; ; ; 25/4; ; ; ; ; 
META; english/fa-cup/stourbridge-v-northampton; 2016-11-24 20:24:10 GMT+2; 2016-12-04 14:00; e70300-dr003
Northampton; 2/5; 2/5; 2/5; 4/11; ; 7/20; 4/11; ; 2/5; ; 4/11; ; 4/11; ; 2/5; ; ; 2/5; ; 2/5; ; ; ; 2/5; ; ; ; ; 
Draw; 15/4; 10/3; 37/10; 15/4; ; 7/2; 15/4; ; 19/5; ; 18/5; ; 7/2; ; 7/2; ; ; 15/4; ; 7/2; ; ; ; 15/4; ; ; ; ; 
Stourbridge; 13/2; 6; 13/2; 7; ; 11/2; 13/2; ; 13/2; ; 13/2; ; 15/2; ; 6; ; ; 25/4; ; 31/5; ; ; ; 25/4; ; ; ; ; 
META; english/fa-cup/stourbridge-v-northampton; 2016-11-25 00:23:03 GMT+2; 2016-12-04 14:00; e70300-dr003
Northampton; 2/5; 2/5; 2/5; 4/11; ; 7/20; 4/11; ; 2/5; ; 4/11; ; 4/11; ; 2/5; ; ; 2/5; ; 2/5; ; ; ; 2/5; ; ; ; ; 
Draw; 15/4; 10/3; 37/10; 15/4; ; 7/2; 15/4; ; 19/5; ; 18/5; ; 7/2; ; 7/2; ; ; 15/4; ; 7/2; ; ; ; 15/4; ; ; ; ; 
Stourbridge; 13/2; 6; 13/2; 7; ; 11/2; 13/2; ; 13/2; ; 13/2; ; 15/2; ; 6; ; ; 25/4; ; 31/5; ; ; ; 25/4; ; ; ; ; 
META; english/fa-cup/stourbridge-v-northampton; 2016-11-25 04:22:54 GMT+2; 2016-12-04 14:00; e70300-dr003
Northampton; 2/5; 2/5; 2/5; 4/11; ; 7/20; 4/11; ; 2/5; ; 4/11; ; 4/11; ; 2/5; ; ; 2/5; ; 2/5; ; ; ; 2/5; ; ; ; ; 
Draw; 15/4; 10/3; 37/10; 15/4; ; 7/2; 15/4; ; 19/5; ; 18/5; ; 7/2; ; 7/2; ; ; 15/4; ; 7/2; ; ; ; 15/4; ; ; ; ; 
Stourbridge; 13/2; 6; 13/2; 7; ; 11/2; 13/2; ; 13/2; ; 13/2; ; 15/2; ; 6; ; ; 25/4; ; 31/5; ; ; ; 25/4; ; ; ; ; 
META; english/fa-cup/stourbridge-v-northampton; 2016-11-25 08:22:50 GMT+2; 2016-12-04 14:00; e70300-dr003
Northampton; 2/5; 2/5; 2/5; 4/11; ; 7/20; 4/11; ; 2/5; ; 4/11; ; 4/11; ; 2/5; ; ; 2/5; ; 2/5; ; ; ; 2/5; ; ; ; ; 
Draw; 15/4; 10/3; 37/10; 15/4; ; 7/2; 15/4; ; 19/5; ; 18/5; ; 7/2; ; 7/2; ; ; 15/4; ; 7/2; ; ; ; 15/4; ; ; ; ; 
Stourbridge; 13/2; 6; 13/2; 7; ; 11/2; 13/2; ; 13/2; ; 13/2; ; 15/2; ; 6; ; ; 25/4; ; 31/5; ; ; ; 25/4; ; ; ; ; 
META; english/fa-cup/stourbridge-v-northampton; 2016-11-25 12:23:54 GMT+2; 2016-12-04 14:00; e70300-dr003
Northampton; 2/5; 2/5; 2/5; 4/11; ; 7/20; 4/11; ; 2/5; ; 4/11; ; 4/11; ; 2/5; ; ; 2/5; ; 2/5; ; ; ; 2/5; ; ; ; ; 
Draw; 15/4; 10/3; 37/10; 15/4; ; 7/2; 15/4; ; 19/5; ; 18/5; ; 7/2; ; 7/2; ; ; 15/4; ; 7/2; ; ; ; 15/4; ; ; ; ; 
Stourbridge; 13/2; 6; 13/2; 7; ; 11/2; 13/2; ; 13/2; ; 13/2; ; 15/2; ; 6; ; ; 25/4; ; 31/5; ; ; ; 25/4; ; ; ; ; 
META; english/fa-cup/stourbridge-v-northampton; 2016-11-25 16:25:38 GMT+2; 2016-12-04 14:00; e70300-dr003
Northampton; 2/5; 2/5; 2/5; 4/11; ; 7/20; 4/11; ; 2/5; ; 4/11; ; 4/11; ; 2/5; ; 4/11; 2/5; ; 2/5; 4/11; 11/25; ; 2/5; ; ; ; ; 
Draw; 15/4; 7/2; 37/10; 15/4; ; 7/2; 15/4; ; 19/5; ; 18/5; ; 7/2; ; 7/2; ; 39/11; 15/4; ; 7/2; 39/11; 77/20; ; 15/4; ; ; ; ; 
Stourbridge; 13/2; 13/2; 13/2; 7; ; 11/2; 13/2; ; 13/2; ; 13/2; ; 15/2; ; 6; ; 6; 25/4; ; 31/5; 6; 7; ; 25/4; ; ; ; ; 
META; english/fa-cup/stourbridge-v-northampton; 2016-11-25 20:26:46 GMT+2; 2016-12-04 14:00; e70300-dr003
Northampton; 2/5; 2/5; 2/5; 4/11; ; 7/20; 4/11; ; 2/5; ; 4/11; 4/11; 4/11; ; 2/5; ; 4/11; 2/5; ; 2/5; 4/11; 11/25; ; 2/5; ; ; ; ; 
Draw; 15/4; 7/2; 37/10; 15/4; ; 7/2; 15/4; ; 19/5; ; 18/5; 7/2; 7/2; ; 7/2; ; 39/11; 15/4; ; 7/2; 39/11; 77/20; ; 15/4; ; ; ; ; 
Stourbridge; 13/2; 13/2; 13/2; 7; ; 11/2; 13/2; ; 13/2; ; 13/2; 6; 15/2; ; 6; ; 6; 25/4; ; 31/5; 6; 7; ; 25/4; ; ; ; ; 
META; english/fa-cup/stourbridge-v-northampton; 2016-11-26 00:24:53 GMT+2; 2016-12-04 14:00; e70300-dr003
Northampton; 2/5; 2/5; 2/5; 4/11; ; 7/20; 4/11; ; 2/5; ; 4/11; 4/11; 4/11; ; 2/5; ; 4/11; 2/5; ; 2/5; 4/11; 11/25; ; 2/5; ; ; ; ; 
Draw; 15/4; 7/2; 37/10; 15/4; ; 7/2; 15/4; ; 19/5; ; 18/5; 7/2; 7/2; ; 7/2; ; 39/11; 15/4; ; 7/2; 39/11; 77/20; ; 15/4; ; ; ; ; 
Stourbridge; 13/2; 13/2; 13/2; 7; ; 11/2; 13/2; ; 13/2; ; 13/2; 6; 15/2; ; 6; ; 6; 25/4; ; 31/5; 6; 7; ; 25/4; ; ; ; ; 
META; english/fa-cup/stourbridge-v-northampton; 2016-11-26 04:24:33 GMT+2; 2016-12-04 14:00; e70300-dr003
Northampton; 2/5; 2/5; 2/5; 4/11; ; 7/20; 4/11; ; 2/5; ; 4/11; 4/11; 4/11; ; 2/5; ; 6/17; 2/5; ; 2/5; 6/17; 11/25; ; 2/5; ; ; ; ; 
Draw; 15/4; 7/2; 37/10; 15/4; ; 7/2; 15/4; ; 19/5; ; 18/5; 7/2; 7/2; ; 7/2; ; 18/5; 15/4; ; 7/2; 18/5; 77/20; ; 15/4; ; ; ; ; 
Stourbridge; 13/2; 13/2; 13/2; 7; ; 11/2; 13/2; ; 13/2; ; 13/2; 6; 15/2; ; 6; ; 6; 25/4; ; 31/5; 6; 7; ; 25/4; ; ; ; ; 
META; english/fa-cup/stourbridge-v-northampton; 2016-11-26 08:24:55 GMT+2; 2016-12-04 14:00; e70300-dr003
Northampton; 2/5; 2/5; 2/5; 4/11; ; 7/20; 4/11; ; 2/5; ; 4/11; 4/11; 4/11; ; 2/5; ; 6/17; 2/5; ; 2/5; 6/17; 11/25; ; 2/5; ; ; ; ; 
Draw; 15/4; 7/2; 37/10; 15/4; ; 7/2; 15/4; ; 19/5; ; 18/5; 7/2; 7/2; ; 7/2; ; 18/5; 15/4; ; 7/2; 18/5; 77/20; ; 15/4; ; ; ; ; 
Stourbridge; 13/2; 13/2; 13/2; 7; ; 11/2; 13/2; ; 13/2; ; 13/2; 6; 15/2; ; 6; ; 6; 25/4; ; 31/5; 6; 7; ; 25/4; ; ; ; ; 
META; english/fa-cup/stourbridge-v-northampton; 2016-11-26 12:26:40 GMT+2; 2016-12-04 14:00; e70300-dr003
Northampton; 2/5; 2/5; 2/5; 4/11; ; 7/20; 4/11; ; 2/5; ; 4/11; 4/11; 4/11; ; 2/5; ; 6/17; 2/5; ; 2/5; ; 11/25; ; 2/5; ; ; ; ; 
Draw; 15/4; 7/2; 37/10; 15/4; ; 7/2; 15/4; ; 19/5; ; 18/5; 7/2; 7/2; ; 7/2; ; 18/5; 15/4; ; 7/2; ; 77/20; ; 15/4; ; ; ; ; 
Stourbridge; 13/2; 13/2; 13/2; 7; ; 11/2; 13/2; ; 13/2; ; 13/2; 6; 15/2; ; 6; ; 6; 25/4; ; 31/5; ; 7; ; 25/4; ; ; ; ; 
META; english/fa-cup/stourbridge-v-northampton; 2016-11-26 16:27:11 GMT+2; 2016-12-04 14:00; e70300-dr003
Northampton; 2/5; 2/5; 2/5; 4/11; ; 7/20; 4/11; ; 2/5; ; 4/11; 4/11; 4/11; ; 2/5; ; 4/11; 2/5; ; 2/5; 4/11; 11/25; ; 2/5; ; ; ; ; 
Draw; 15/4; 7/2; 37/10; 15/4; ; 7/2; 15/4; ; 19/5; ; 18/5; 7/2; 7/2; ; 7/2; ; 39/11; 15/4; ; 7/2; 39/11; 77/20; ; 15/4; ; ; ; ; 
Stourbridge; 13/2; 13/2; 13/2; 7; ; 11/2; 13/2; ; 13/2; ; 13/2; 6; 15/2; ; 6; ; 6; 25/4; ; 31/5; 6; 7; ; 25/4; ; ; ; ; 
META; english/fa-cup/stourbridge-v-northampton; 2016-11-26 20:27:49 GMT+2; 2016-12-04 14:00; e70300-dr003
Northampton; 2/5; 2/5; 2/5; 4/11; 2/5; 7/20; 4/11; ; 2/5; ; 4/11; 4/11; 4/11; ; 2/5; ; 4/11; 2/5; ; 2/5; 4/11; 11/25; ; 2/5; ; ; ; ; 
Draw; 15/4; 7/2; 37/10; 4; 19/5; 7/2; 15/4; ; 19/5; ; 18/5; 7/2; 7/2; ; 7/2; ; 18/5; 15/4; ; 7/2; 18/5; 77/20; ; 15/4; ; ; ; ; 
Stourbridge; 13/2; 13/2; 13/2; 13/2; 7; 11/2; 13/2; ; 13/2; ; 13/2; 6; 15/2; ; 13/2; ; 113/19; 25/4; ; 31/5; 113/19; 7; ; 25/4; ; ; ; ; 
META; english/fa-cup/stourbridge-v-northampton; 2016-11-27 00:24:41 GMT+2; 2016-12-04 14:00; e70300-dr003
Northampton; 2/5; 2/5; 2/5; 4/11; 2/5; 7/20; 4/11; ; 2/5; ; 4/11; 4/11; 4/11; ; 2/5; ; 4/11; 2/5; ; 2/5; 4/11; 11/25; ; 2/5; ; ; ; ; 
Draw; 15/4; 7/2; 37/10; 4; 19/5; 7/2; 19/5; ; 19/5; ; 18/5; 7/2; 7/2; ; 7/2; ; 39/11; 15/4; ; 7/2; 39/11; 77/20; ; 15/4; ; ; ; ; 
Stourbridge; 13/2; 13/2; 13/2; 13/2; 7; 11/2; 6; ; 13/2; ; 13/2; 6; 15/2; ; 13/2; ; 113/19; 25/4; ; 31/5; 113/19; 7; ; 25/4; ; ; ; ; 
META; english/fa-cup/stourbridge-v-northampton; 2016-11-27 04:23:10 GMT+2; 2016-12-04 14:00; e70300-dr003
Northampton; 2/5; 2/5; 2/5; 4/11; 2/5; 7/20; 4/11; ; 2/5; ; 4/11; 4/11; 4/11; ; 2/5; ; 4/11; 2/5; ; 2/5; 4/11; 11/25; ; 2/5; ; ; ; ; 
Draw; 15/4; 7/2; 37/10; 4; 19/5; 7/2; 19/5; ; 19/5; ; 18/5; 7/2; 7/2; ; 7/2; ; 39/11; 15/4; ; 7/2; 39/11; 77/20; ; 15/4; ; ; ; ; 
Stourbridge; 13/2; 13/2; 13/2; 13/2; 7; 11/2; 6; ; 13/2; ; 13/2; 6; 15/2; ; 13/2; ; 113/19; 25/4; ; 31/5; 113/19; 7; ; 25/4; ; ; ; ; 
META; english/fa-cup/stourbridge-v-northampton; 2016-11-27 08:23:19 GMT+2; 2016-12-04 14:00; e70300-dr003
Northampton; 2/5; 2/5; 2/5; 4/11; 2/5; 7/20; 4/11; ; 2/5; ; 4/11; 4/11; 4/11; ; 2/5; ; 4/11; 2/5; ; 2/5; 4/11; 11/25; ; 2/5; ; ; ; ; 
Draw; 15/4; 7/2; 37/10; 4; 19/5; 7/2; 19/5; ; 19/5; ; 18/5; 7/2; 7/2; ; 7/2; ; 39/11; 15/4; ; 7/2; 39/11; 77/20; ; 15/4; ; ; ; ; 
Stourbridge; 13/2; 13/2; 13/2; 13/2; 7; 11/2; 6; ; 13/2; ; 13/2; 6; 15/2; ; 13/2; ; 113/19; 25/4; ; 31/5; 113/19; 7; ; 25/4; ; ; ; ; 
META; english/fa-cup/stourbridge-v-northampton; 2016-11-27 12:24:36 GMT+2; 2016-12-04 14:00; e70300-dr003
Northampton; 2/5; 2/5; 2/5; 4/11; 2/5; 7/20; 4/11; ; 2/5; ; 4/11; 4/11; 4/11; ; 2/5; ; 4/11; 2/5; ; 2/5; 4/11; 11/25; ; 2/5; ; ; ; ; 
Draw; 15/4; 7/2; 37/10; 4; 19/5; 7/2; 19/5; ; 19/5; ; 18/5; 7/2; 7/2; ; 7/2; ; 39/11; 15/4; ; 7/2; 39/11; 77/20; ; 15/4; ; ; ; ; 
Stourbridge; 13/2; 13/2; 13/2; 13/2; 7; 11/2; 6; ; 13/2; ; 13/2; 6; 15/2; ; 13/2; ; 113/19; 25/4; ; 31/5; 113/19; 7; ; 25/4; ; ; ; ; 
META; english/fa-cup/stourbridge-v-northampton; 2016-11-27 16:24:48 GMT+2; 2016-12-04 14:00; e70300-dr003
Northampton; 2/5; 2/5; 2/5; 2/5; 2/5; 7/20; ; ; 2/5; ; 10/3; 4/11; 4/11; ; 2/5; ; 4/11; 2/5; ; 2/5; 4/11; 11/25; ; 2/5; ; ; ; ; 
Draw; 15/4; 7/2; 37/10; 15/4; 19/5; 7/2; ; ; 19/5; ; 5/2; 7/2; 7/2; ; 7/2; ; 39/11; 15/4; ; 7/2; 39/11; 77/20; ; 15/4; ; ; ; ; 
Stourbridge; 13/2; 13/2; 13/2; 6; 7; 11/2; ; ; 13/2; ; 5/6; 6; 15/2; ; 13/2; ; 113/19; 25/4; ; 31/5; 113/19; 7; ; 25/4; ; ; ; ; 
META; english/fa-cup/stourbridge-v-northampton; 2016-11-27 20:25:35 GMT+2; 2016-12-04 14:00; e70300-dr003
Northampton; 2/5; 2/5; 2/5; 4/11; 2/5; 7/20; ; ; 2/5; ; ; 4/11; 4/11; ; 2/5; ; 4/11; 2/5; ; 2/5; 4/11; 11/25; ; 2/5; ; ; ; ; 
Draw; 15/4; 7/2; 37/10; 4; 19/5; 7/2; ; ; 19/5; ; 5/2; 7/2; 7/2; ; 7/2; ; 39/11; 15/4; ; 7/2; 39/11; 77/20; ; 15/4; ; ; ; ; 
Stourbridge; 13/2; 13/2; 13/2; 7; 6; 11/2; ; ; 13/2; ; 5/6; 6; 15/2; ; 13/2; ; 113/19; 25/4; ; 31/5; 113/19; 7; ; 25/4; ; ; ; ; 
META; english/fa-cup/stourbridge-v-northampton; 2016-11-28 00:23:36 GMT+2; 2016-12-04 14:00; e70300-dr003
Northampton; 2/5; 2/5; 2/5; 4/11; 2/5; 7/20; 4/11; ; 2/5; ; ; 4/11; 4/11; 4/11; 2/5; ; 4/11; 2/5; ; 2/5; 4/11; 11/25; ; 2/5; ; ; 1/3; ; 
Draw; 15/4; 7/2; 37/10; 4; 19/5; 7/2; 19/5; ; 19/5; ; 18/5; 7/2; 7/2; 7/2; 7/2; ; 39/11; 15/4; ; 7/2; 39/11; 77/20; ; 15/4; ; ; 3; ; 
Stourbridge; 13/2; 13/2; 13/2; 7; 6; 11/2; 6; ; 13/2; ; 13/2; 6; 15/2; 13/2; 13/2; ; 59/10; 25/4; ; 31/5; 59/10; 7; ; 25/4; ; ; 29/5; ; 
META; english/fa-cup/stourbridge-v-northampton; 2016-11-28 04:23:16 GMT+2; 2016-12-04 14:00; e70300-dr003
Northampton; 2/5; 2/5; 2/5; 2/5; 2/5; 7/20; 4/11; ; 2/5; ; ; 4/11; 4/11; 4/11; 2/5; ; 4/11; 2/5; ; 2/5; 4/11; 11/25; ; 2/5; ; ; 1/3; ; 
Draw; 15/4; 7/2; 37/10; 15/4; 19/5; 7/2; 19/5; ; 19/5; ; 18/5; 7/2; 7/2; 7/2; 7/2; ; 39/11; 15/4; ; 7/2; 39/11; 77/20; ; 15/4; ; ; 3; ; 
Stourbridge; 13/2; 13/2; 13/2; 13/2; 6; 11/2; 6; ; 13/2; ; 13/2; 6; 15/2; 13/2; 13/2; ; 59/10; 25/4; ; 31/5; 59/10; 7; ; 25/4; ; ; 29/5; ; 
META; english/fa-cup/stourbridge-v-northampton; 2016-11-28 08:23:22 GMT+2; 2016-12-04 14:00; e70300-dr003
Northampton; 2/5; 2/5; 2/5; 2/5; 2/5; 7/20; 4/11; ; 2/5; ; ; 4/11; 4/11; 4/11; 2/5; ; 4/11; 2/5; ; 2/5; 4/11; 11/25; ; 2/5; ; ; 1/3; ; 
Draw; 15/4; 7/2; 37/10; 15/4; 19/5; 7/2; 19/5; ; 19/5; ; 18/5; 7/2; 7/2; 7/2; 7/2; ; 39/11; 15/4; ; 7/2; 39/11; 77/20; ; 15/4; ; ; 10/3; ; 
Stourbridge; 13/2; 13/2; 13/2; 13/2; 6; 11/2; 6; ; 13/2; ; 13/2; 6; 15/2; 13/2; 13/2; ; 59/10; 25/4; ; 31/5; 59/10; 7; ; 25/4; ; ; 29/5; ; 
META; english/fa-cup/stourbridge-v-northampton; 2016-11-28 12:23:40 GMT+2; 2016-12-04 14:00; e70300-dr003
Northampton; 2/5; 2/5; 2/5; 2/5; 2/5; 7/20; 4/11; ; 2/5; ; ; 4/11; 4/11; 4/11; 2/5; ; 4/11; 2/5; ; 2/5; 4/11; 11/25; ; 2/5; ; ; 1/3; ; 
Draw; 15/4; 7/2; 37/10; 15/4; 19/5; 7/2; 19/5; ; 19/5; ; 18/5; 7/2; 7/2; 7/2; 7/2; ; 39/11; 15/4; ; 7/2; 39/11; 77/20; ; 15/4; ; ; 10/3; ; 
Stourbridge; 13/2; 13/2; 13/2; 13/2; 6; 11/2; 6; ; 13/2; ; 13/2; 6; 15/2; 13/2; 13/2; ; 59/10; 25/4; ; 31/5; 59/10; 7; ; 25/4; ; ; 29/5; ; 
META; english/fa-cup/stourbridge-v-northampton; 2016-11-28 16:23:34 GMT+2; 2016-12-04 14:00; e70300-dr003
Northampton; 2/5; 2/5; 2/5; 2/5; 2/5; 17/40; 4/11; 2/5; 4/9; 2/5; ; 2/5; 4/11; 2/5; 2/5; ; 10/29; 2/5; 4/11; 2/5; 10/29; 11/25; 3/8; 2/5; 2/5; ; 4/11; 4/11; 
Draw; 15/4; 18/5; 18/5; 7/2; 19/5; 4; 15/4; 7/2; 19/5; 15/4; 7/2; 7/2; 7/2; 17/5; 7/2; ; 62/17; 15/4; 4; 7/2; 62/17; 77/20; 37/10; 15/4; 15/4; ; 3; 3; 
Stourbridge; 6; 6; 13/2; 13/2; 6; 6; 13/2; 6; 6; 6; 6; 11/2; 13/2; 13/2; 13/2; ; 6; 25/4; 25/4; 31/5; 6; 7; 26/5; 25/4; 6; ; 29/5; 28/5; 
META; english/fa-cup/stourbridge-v-northampton; 2016-11-28 20:24:47 GMT+2; 2016-12-04 14:00; e70300-dr003
Northampton; 2/5; 2/5; 2/5; 2/5; 2/5; 2/5; 4/11; 2/5; 4/9; 2/5; ; 2/5; 4/11; 2/5; 2/5; 2/5; 10/29; 2/5; 4/11; 2/5; 10/29; 11/25; 3/8; 2/5; 2/5; ; 4/11; 4/11; 
Draw; 15/4; 18/5; 18/5; 7/2; 19/5; 4; 15/4; 16/5; 19/5; 15/4; 7/2; 7/2; 7/2; 17/5; 7/2; 7/2; 37/10; 15/4; 4; 7/2; 37/10; 77/20; 37/10; 15/4; 15/4; ; 3; 3; 
Stourbridge; 6; 6; 13/2; 13/2; 6; 6; 13/2; 13/2; 6; 6; 6; 11/2; 13/2; 13/2; 13/2; 13/2; 6; 25/4; 25/4; 31/5; 6; 7; 26/5; 25/4; 6; ; 29/5; 28/5; 
META; english/fa-cup/stourbridge-v-northampton; 2016-11-29 00:23:24 GMT+2; 2016-12-04 14:00; e70300-dr003
Northampton; 2/5; 2/5; 2/5; 2/5; 2/5; 2/5; 4/11; 2/5; 4/9; 2/5; ; 2/5; 4/11; 2/5; 2/5; 2/5; 10/29; 2/5; 4/11; 2/5; 10/29; 11/25; 3/8; 2/5; 2/5; ; 4/11; 4/11; 
Draw; 15/4; 19/5; 18/5; 7/2; 19/5; 4; 15/4; 16/5; 19/5; 15/4; 7/2; 7/2; 7/2; 17/5; 7/2; 7/2; 37/10; 15/4; 4; 7/2; 37/10; 77/20; 37/10; 15/4; 15/4; ; 3; 3; 
Stourbridge; 6; 13/2; 13/2; 13/2; 6; 6; 13/2; 13/2; 6; 6; 6; 11/2; 13/2; 13/2; 13/2; 13/2; 6; 25/4; 25/4; 31/5; 6; 7; 26/5; 25/4; 6; ; 29/5; 28/5; 
META; english/fa-cup/stourbridge-v-northampton; 2016-11-29 04:23:26 GMT+2; 2016-12-04 14:00; e70300-dr003
Northampton; 2/5; 2/5; 2/5; 2/5; 2/5; 2/5; 4/11; 2/5; 4/9; 2/5; ; 2/5; 4/11; 2/5; 2/5; 2/5; 10/29; 2/5; 4/11; 2/5; 10/29; 11/25; 3/8; 2/5; 2/5; ; 4/11; 4/11; 
Draw; 15/4; 19/5; 18/5; 7/2; 19/5; 4; 15/4; 16/5; 19/5; 15/4; 7/2; 7/2; 7/2; 17/5; 7/2; 7/2; 37/10; 15/4; 4; 7/2; 37/10; 77/20; 37/10; 15/4; 15/4; ; 3; 3; 
Stourbridge; 6; 13/2; 13/2; 13/2; 6; 6; 13/2; 13/2; 6; 6; 6; 11/2; 13/2; 13/2; 13/2; 13/2; 6; 25/4; 25/4; 31/5; 6; 7; 26/5; 25/4; 6; ; 29/5; 28/5; 
META; english/fa-cup/stourbridge-v-northampton; 2016-11-29 08:23:15 GMT+2; 2016-12-04 14:00; e70300-dr003
Northampton; 2/5; 2/5; 2/5; 2/5; 2/5; 2/5; 4/11; 2/5; 4/9; 2/5; ; 2/5; 4/11; 2/5; 2/5; 2/5; 10/29; 2/5; 4/11; 2/5; 10/29; 11/25; 3/8; 2/5; 2/5; ; 4/11; 3/10; 
Draw; 15/4; 19/5; 18/5; 7/2; 19/5; 4; 15/4; 16/5; 19/5; 15/4; 7/2; 7/2; 7/2; 17/5; 7/2; 7/2; 37/10; 15/4; 4; 7/2; 37/10; 77/20; 37/10; 15/4; 15/4; ; 3; 13/5; 
Stourbridge; 6; 13/2; 13/2; 13/2; 6; 6; 13/2; 13/2; 6; 6; 6; 11/2; 13/2; 13/2; 13/2; 13/2; 6; 25/4; 25/4; 31/5; 6; 7; 26/5; 25/4; 6; ; 29/5; 23/5; 
META; english/fa-cup/stourbridge-v-northampton; 2016-11-29 12:23:44 GMT+2; 2016-12-04 14:00; e70300-dr003
Northampton; 2/5; 2/5; 2/5; 2/5; 2/5; 2/5; 4/11; 2/5; 4/9; 2/5; ; 2/5; 4/11; 2/5; 2/5; 2/5; 10/29; 2/5; 4/11; 2/5; 10/29; 11/25; 3/8; 2/5; 2/5; ; 4/11; 3/10; 
Draw; 15/4; 19/5; 18/5; 7/2; 19/5; 4; 15/4; 16/5; 19/5; 15/4; 7/2; 7/2; 7/2; 17/5; 7/2; 7/2; 37/10; 15/4; 4; 7/2; 37/10; 77/20; 37/10; 15/4; 15/4; ; 3; 13/5; 
Stourbridge; 6; 13/2; 13/2; 13/2; 6; 6; 13/2; 13/2; 6; 6; 6; 11/2; 13/2; 13/2; 13/2; 13/2; 6; 25/4; 25/4; 31/5; 6; 7; 26/5; 25/4; 6; ; 29/5; 23/5; 
META; english/fa-cup/stourbridge-v-northampton; 2016-11-29 16:25:35 GMT+2; 2016-12-04 14:00; e70300-dr003
Northampton; 2/5; 2/5; 2/5; 2/5; 2/5; 2/5; 4/11; 2/5; 4/9; 2/5; ; 2/5; 4/11; 2/5; 2/5; 2/5; 6/17; 2/5; 4/11; 2/5; 6/17; 11/25; 3/8; 2/5; 2/5; ; 4/11; 3/10; 
Draw; 15/4; 19/5; 18/5; 7/2; 19/5; 4; 15/4; 16/5; 19/5; 15/4; 7/2; 7/2; 7/2; 17/5; 7/2; 7/2; 15/4; 15/4; 4; 7/2; 15/4; 77/20; 37/10; 15/4; 15/4; ; 3; 13/5; 
Stourbridge; 6; 13/2; 13/2; 13/2; 6; 6; 13/2; 13/2; 6; 6; 6; 11/2; 13/2; 13/2; 13/2; 13/2; 25/4; 25/4; 25/4; 31/5; 25/4; 7; 26/5; 25/4; 6; ; 29/5; 23/5; 
META; english/fa-cup/stourbridge-v-northampton; 2016-11-29 20:25:32 GMT+2; 2016-12-04 14:00; e70300-dr003
Northampton; 2/5; 2/5; 2/5; 2/5; 2/5; 2/5; 4/11; 2/5; 4/9; 2/5; ; 2/5; 4/11; 2/5; 2/5; 2/5; 6/17; 2/5; 4/11; 2/5; 6/17; 11/25; 3/8; 2/5; 2/5; ; 4/11; 3/10; 
Draw; 15/4; 19/5; 18/5; 7/2; 19/5; 4; 15/4; 16/5; 19/5; 15/4; 7/2; 7/2; 7/2; 17/5; 7/2; 7/2; 15/4; 15/4; 4; 7/2; 15/4; 77/20; 37/10; 15/4; 15/4; ; 3; 13/5; 
Stourbridge; 6; 13/2; 13/2; 13/2; 6; 6; 13/2; 13/2; 6; 6; 6; 11/2; 13/2; 13/2; 13/2; 13/2; 25/4; 25/4; 25/4; 31/5; 25/4; 7; 26/5; 25/4; 6; ; 29/5; 23/5; 
META; english/fa-cup/stourbridge-v-northampton; 2016-11-30 00:23:56 GMT+2; 2016-12-04 14:00; e70300-dr003
Northampton; 2/5; 2/5; 2/5; 2/5; 2/5; 2/5; 4/11; 2/5; 4/9; 2/5; ; 2/5; 4/11; 2/5; 2/5; 2/5; 6/17; 2/5; 4/11; 2/5; 6/17; 11/25; 3/8; 2/5; 2/5; ; 4/11; 3/10; 
Draw; 15/4; 19/5; 18/5; 7/2; 19/5; 4; 15/4; 16/5; 19/5; 15/4; 7/2; 7/2; 7/2; 17/5; 7/2; 7/2; 15/4; 15/4; 4; 7/2; 15/4; 77/20; 37/10; 15/4; 15/4; ; 3; 13/5; 
Stourbridge; 6; 13/2; 13/2; 13/2; 6; 6; 13/2; 13/2; 6; 6; 6; 11/2; 13/2; 13/2; 13/2; 13/2; 25/4; 25/4; 25/4; 31/5; 25/4; 7; 26/5; 25/4; 6; ; 29/5; 23/5; 
META; english/fa-cup/stourbridge-v-northampton; 2016-11-30 04:24:03 GMT+2; 2016-12-04 14:00; e70300-dr003
Northampton; 2/5; 2/5; 2/5; 2/5; 2/5; 2/5; 4/11; 2/5; 4/9; 2/5; ; 2/5; 4/11; 2/5; 2/5; 2/5; 6/17; 2/5; 4/11; 2/5; 6/17; 11/25; 3/8; 2/5; 2/5; ; 4/11; 3/10; 
Draw; 15/4; 19/5; 18/5; 7/2; 19/5; 4; 15/4; 16/5; 19/5; 15/4; 7/2; 7/2; 7/2; 17/5; 7/2; 7/2; 15/4; 15/4; 4; 7/2; 15/4; 77/20; 37/10; 15/4; 15/4; ; 3; 13/5; 
Stourbridge; 6; 13/2; 13/2; 13/2; 6; 6; 13/2; 13/2; 6; 6; 6; 11/2; 13/2; 13/2; 13/2; 13/2; 25/4; 25/4; 25/4; 31/5; 25/4; 7; 26/5; 25/4; 6; ; 29/5; 23/5; 
META; english/fa-cup/stourbridge-v-northampton; 2016-11-30 08:23:39 GMT+2; 2016-12-04 14:00; e70300-dr003
Northampton; 2/5; 2/5; 2/5; 2/5; 2/5; 2/5; 4/11; 2/5; 4/9; 2/5; ; 2/5; 4/11; 2/5; 2/5; 2/5; 6/17; 2/5; 4/11; 2/5; 6/17; 11/25; 3/8; 2/5; 2/5; ; 4/11; ; 
Draw; 15/4; 19/5; 18/5; 7/2; 19/5; 4; 15/4; 16/5; 19/5; 15/4; 7/2; 7/2; 7/2; 17/5; 7/2; 7/2; 15/4; 15/4; 4; 7/2; 15/4; 77/20; 37/10; 15/4; 15/4; ; 3; ; 
Stourbridge; 6; 13/2; 13/2; 13/2; 6; 6; 13/2; 13/2; 6; 6; 6; 11/2; 13/2; 13/2; 13/2; 13/2; 25/4; 25/4; 25/4; 31/5; 25/4; 7; 26/5; 25/4; 6; ; 29/5; ; 
META; english/fa-cup/stourbridge-v-northampton; 2016-11-30 12:27:28 GMT+2; 2016-12-04 14:00; e70300-dr003
Northampton; 2/5; 2/5; 2/5; 2/5; 2/5; 2/5; 4/11; 2/5; 4/9; 2/5; ; 2/5; 4/11; 2/5; 2/5; 2/5; 6/17; 2/5; 4/11; 2/5; 6/17; 11/25; 3/8; 2/5; 2/5; ; 4/11; 4/11; 
Draw; 15/4; 19/5; 18/5; 7/2; 19/5; 4; 15/4; 16/5; 19/5; 15/4; 7/2; 7/2; 7/2; 17/5; 7/2; 7/2; 15/4; 15/4; 4; 7/2; 15/4; 77/20; 37/10; 15/4; 15/4; ; 3; 3; 
Stourbridge; 6; 13/2; 13/2; 13/2; 6; 6; 13/2; 13/2; 6; 6; 6; 11/2; 13/2; 13/2; 13/2; 13/2; 25/4; 25/4; 25/4; 31/5; 25/4; 7; 26/5; 25/4; 6; ; 29/5; 28/5; 
META; english/fa-cup/stourbridge-v-northampton; 2016-11-30 16:26:17 GMT+2; 2016-12-04 14:00; e70300-dr003
Northampton; 2/5; 2/5; 2/5; 2/5; 2/5; ; 4/11; 2/5; 4/9; 2/5; ; 2/5; 4/11; 2/5; 2/5; 2/5; 6/17; 2/5; 4/11; 2/5; 6/17; 11/25; 3/8; 2/5; 2/5; ; 4/11; 4/11; 
Draw; 15/4; 18/5; 18/5; 7/2; 19/5; ; 15/4; 16/5; 19/5; 15/4; 7/2; 7/2; 7/2; 17/5; 7/2; 7/2; 15/4; 15/4; 4; 7/2; 15/4; 77/20; 37/10; 15/4; 15/4; ; 3; 3; 
Stourbridge; 6; 13/2; 13/2; 13/2; 6; ; 13/2; 13/2; 6; 6; 6; 11/2; 13/2; 13/2; 13/2; 13/2; 25/4; 25/4; 25/4; 31/5; 25/4; 7; 26/5; 25/4; 6; ; 29/5; 28/5; 
META; english/fa-cup/stourbridge-v-northampton; 2016-11-30 20:25:17 GMT+2; 2016-12-04 14:00; e70300-dr003
Northampton; 2/5; 2/5; 2/5; 2/5; 2/5; 2/5; 4/11; 2/5; 4/9; 2/5; ; 2/5; 4/11; 2/5; 2/5; 2/5; 6/17; 2/5; 4/11; 2/5; 6/17; 11/25; 3/8; 2/5; 2/5; ; 4/11; 4/11; 
Draw; 15/4; 18/5; 18/5; 7/2; 19/5; 4; 15/4; 16/5; 19/5; 15/4; 7/2; 7/2; 7/2; 17/5; 7/2; 7/2; 15/4; 15/4; 4; 7/2; 15/4; 77/20; 37/10; 15/4; 15/4; ; 3; 3; 
Stourbridge; 6; 13/2; 13/2; 13/2; 6; 6; 13/2; 13/2; 6; 6; 6; 11/2; 13/2; 13/2; 13/2; 13/2; 25/4; 25/4; 25/4; 31/5; 25/4; 7; 26/5; 25/4; 6; ; 29/5; 28/5; 
META; english/fa-cup/stourbridge-v-northampton; 2016-12-01 00:22:55 GMT+2; 2016-12-04 14:00; e70300-dr003
Northampton; 2/5; 2/5; 2/5; 2/5; 2/5; 2/5; 4/11; 2/5; 4/9; 2/5; ; 2/5; 4/11; 2/5; 2/5; 2/5; 6/17; 2/5; 4/11; 2/5; 6/17; 11/25; 3/8; 2/5; 2/5; ; 4/11; 4/11; 
Draw; 15/4; 18/5; 18/5; 7/2; 19/5; 4; 15/4; 16/5; 19/5; 15/4; 7/2; 7/2; 7/2; 17/5; 7/2; 7/2; 15/4; 15/4; 4; 7/2; 15/4; 77/20; 37/10; 15/4; 15/4; ; 3; 3; 
Stourbridge; 6; 6; 13/2; 13/2; 6; 6; 13/2; 13/2; 6; 6; 6; 11/2; 13/2; 13/2; 13/2; 13/2; 25/4; 25/4; 25/4; 31/5; 25/4; 7; 26/5; 25/4; 6; ; 29/5; 28/5; 
META; english/fa-cup/stourbridge-v-northampton; 2016-12-01 04:23:18 GMT+2; 2016-12-04 14:00; e70300-dr003
Northampton; 2/5; 2/5; 2/5; 2/5; 2/5; 2/5; 4/11; 2/5; 4/9; 2/5; ; 2/5; 4/11; 2/5; 2/5; 2/5; 6/17; 2/5; 4/11; 2/5; 6/17; 11/25; 3/8; 2/5; 2/5; ; 4/11; 4/11; 
Draw; 15/4; 18/5; 18/5; 7/2; 19/5; 4; 15/4; 16/5; 19/5; 15/4; 7/2; 7/2; 7/2; 17/5; 7/2; 7/2; 15/4; 15/4; 4; 7/2; 15/4; 77/20; 37/10; 15/4; 15/4; ; 3; 3; 
Stourbridge; 6; 6; 13/2; 13/2; 6; 6; 13/2; 13/2; 6; 6; 6; 11/2; 13/2; 13/2; 13/2; 13/2; 25/4; 25/4; 25/4; 31/5; 25/4; 7; 26/5; 25/4; 6; ; 29/5; 28/5; 
META; english/fa-cup/stourbridge-v-northampton; 2016-12-01 08:22:53 GMT+2; 2016-12-04 14:00; e70300-dr003
Northampton; 2/5; 2/5; 2/5; 2/5; 2/5; 2/5; 4/11; 2/5; 4/9; 2/5; ; 2/5; 4/11; 2/5; 2/5; 2/5; 6/17; 2/5; 4/11; 2/5; 6/17; 11/25; 3/8; 2/5; 2/5; ; 4/11; 4/11; 
Draw; 15/4; 18/5; 18/5; 7/2; 19/5; 4; 15/4; 16/5; 19/5; 15/4; 7/2; 7/2; 7/2; 17/5; 7/2; 7/2; 15/4; 15/4; 4; 7/2; 15/4; 77/20; 37/10; 15/4; 15/4; ; 3; 3; 
Stourbridge; 6; 6; 13/2; 13/2; 6; 6; 13/2; 13/2; 6; 6; 6; 11/2; 13/2; 13/2; 13/2; 13/2; 25/4; 25/4; 25/4; 31/5; 25/4; 7; 26/5; 25/4; 6; ; 29/5; 28/5; 
META; english/fa-cup/stourbridge-v-northampton; 2016-12-01 12:23:39 GMT+2; 2016-12-04 14:00; e70300-dr003
Northampton; 2/5; 2/5; 2/5; 2/5; 4/9; 2/5; 4/11; 2/5; 4/9; 2/5; ; 2/5; 4/11; 2/5; 2/5; 2/5; 6/17; 2/5; 4/11; 2/5; 6/17; 11/25; 3/8; 2/5; 2/5; ; 4/11; 4/11; 
Draw; 15/4; 18/5; 18/5; 7/2; 19/5; 4; 15/4; 16/5; 19/5; 15/4; 7/2; 7/2; 7/2; 17/5; 7/2; 7/2; 15/4; 15/4; 4; 7/2; 15/4; 77/20; 37/10; 15/4; 15/4; ; 3; 3; 
Stourbridge; 6; 6; 13/2; 13/2; 13/2; 6; 13/2; 13/2; 6; 6; 6; 11/2; 13/2; 13/2; 13/2; 13/2; 25/4; 25/4; 25/4; 31/5; 25/4; 7; 26/5; 25/4; 6; ; 29/5; 28/5; 
META; english/fa-cup/stourbridge-v-northampton; 2016-12-01 16:24:31 GMT+2; 2016-12-04 14:00; e70300-dr003
Northampton; 2/5; 2/5; 2/5; 2/5; 4/9; 2/5; 4/11; 2/5; 4/9; 2/5; ; 2/5; 4/11; 2/5; 2/5; 2/5; 4/11; 2/5; 4/11; 2/5; 4/11; 11/25; 3/8; 2/5; 2/5; ; 4/11; 4/11; 
Draw; 15/4; 18/5; 18/5; 7/2; 19/5; 4; 15/4; 16/5; 19/5; 15/4; 7/2; 7/2; 7/2; 17/5; 7/2; 7/2; 19/5; 15/4; 4; 7/2; 19/5; 77/20; 37/10; 15/4; 15/4; ; 3; 3; 
Stourbridge; 6; 6; 13/2; 13/2; 13/2; 6; 13/2; 13/2; 6; 6; 6; 11/2; 13/2; 13/2; 13/2; 13/2; 25/4; 25/4; 25/4; 31/5; 25/4; 7; 26/5; 25/4; 6; ; 29/5; 28/5; 
META; english/fa-cup/stourbridge-v-northampton; 2016-12-01 20:25:42 GMT+2; 2016-12-04 14:00; e70300-dr003
Northampton; 2/5; 2/5; 2/5; 2/5; 4/9; 17/40; 4/11; 2/5; 4/9; 2/5; ; 2/5; 4/11; 2/5; 2/5; 2/5; 7/19; 2/5; 4/11; 2/5; 7/19; 11/25; 3/8; 2/5; 2/5; ; 4/11; 4/11; 
Draw; 15/4; 18/5; 18/5; 7/2; 19/5; 4; 15/4; 16/5; 19/5; 15/4; 7/2; 7/2; 7/2; 17/5; 7/2; 7/2; 15/4; 15/4; 4; 7/2; 15/4; 77/20; 37/10; 15/4; 15/4; ; 3; 3; 
Stourbridge; 6; 13/2; 13/2; 13/2; 13/2; 6; 13/2; 13/2; 6; 6; 6; 11/2; 13/2; 13/2; 13/2; 13/2; 25/4; 25/4; 25/4; 31/5; 25/4; 7; 26/5; 25/4; 6; ; 29/5; 28/5; 
META; english/fa-cup/stourbridge-v-northampton; 2016-12-02 00:23:11 GMT+2; 2016-12-04 14:00; e70300-dr003
Northampton; 2/5; 2/5; 2/5; 2/5; 4/9; 17/40; 4/11; 2/5; 4/9; 2/5; ; 2/5; 4/11; 2/5; 2/5; 2/5; 7/19; 2/5; 4/11; 2/5; 7/19; 11/25; 3/8; 2/5; 2/5; ; 4/11; 4/11; 
Draw; 15/4; 18/5; 18/5; 7/2; 19/5; 4; 15/4; 16/5; 19/5; 15/4; 7/2; 7/2; 7/2; 17/5; 7/2; 7/2; 19/5; 15/4; 4; 7/2; 19/5; 77/20; 37/10; 15/4; 15/4; ; 10/3; 3; 
Stourbridge; 6; 6; 13/2; 13/2; 13/2; 6; 13/2; 13/2; 6; 6; 6; 11/2; 13/2; 13/2; 13/2; 13/2; 25/4; 25/4; 25/4; 31/5; 25/4; 7; 26/5; 25/4; 13/2; ; 29/5; 28/5; 
META; english/fa-cup/stourbridge-v-northampton; 2016-12-02 04:23:29 GMT+2; 2016-12-04 14:00; e70300-dr003
Northampton; 2/5; 2/5; 2/5; 2/5; 4/9; 17/40; 4/11; 2/5; 4/9; 2/5; ; 2/5; 4/11; 2/5; 2/5; 2/5; 7/19; 2/5; 4/11; 2/5; 7/19; 11/25; 3/8; 2/5; 2/5; ; 4/11; 4/11; 
Draw; 15/4; 18/5; 18/5; 7/2; 19/5; 4; 15/4; 16/5; 19/5; 15/4; 7/2; 7/2; 7/2; 17/5; 7/2; 7/2; 15/4; 15/4; 4; 7/2; 15/4; 77/20; 37/10; 15/4; 15/4; ; 10/3; 3; 
Stourbridge; 6; 6; 13/2; 13/2; 13/2; 6; 13/2; 13/2; 6; 6; 6; 11/2; 13/2; 13/2; 13/2; 13/2; 25/4; 25/4; 25/4; 31/5; 25/4; 7; 26/5; 25/4; 13/2; ; 29/5; 28/5; 
META; english/fa-cup/stourbridge-v-northampton; 2016-12-02 08:23:06 GMT+2; 2016-12-04 14:00; e70300-dr003
Northampton; 2/5; 2/5; 2/5; 2/5; 4/9; 17/40; 4/11; 2/5; 4/9; 2/5; ; 2/5; 4/11; 2/5; 2/5; 2/5; 7/19; 2/5; 4/11; 2/5; 7/19; 11/25; 3/8; 2/5; 2/5; ; 4/11; 4/11; 
Draw; 15/4; 18/5; 18/5; 7/2; 19/5; 4; 15/4; 16/5; 19/5; 15/4; 7/2; 7/2; 7/2; 17/5; 7/2; 7/2; 15/4; 15/4; 4; 7/2; 15/4; 77/20; 37/10; 15/4; 15/4; ; 10/3; 3; 
Stourbridge; 6; 6; 13/2; 13/2; 13/2; 6; 13/2; 13/2; 6; 6; 6; 11/2; 13/2; 13/2; 13/2; 13/2; 25/4; 25/4; 25/4; 31/5; 25/4; 7; 26/5; 25/4; 13/2; ; 29/5; 28/5; 
META; english/fa-cup/stourbridge-v-northampton; 2016-12-02 13:12:51 GMT+2; 2016-12-04 14:00; e70300-dr003
Northampton; 2/5; 2/5; 2/5; 2/5; 4/9; 17/40; 4/11; 2/5; 4/9; 2/5; ; 2/5; 4/11; 2/5; 2/5; 2/5; 7/19; 2/5; 4/11; 2/5; 7/19; 11/25; 3/8; 2/5; 2/5; ; 4/11; 4/11; 
Draw; 15/4; 18/5; 18/5; 7/2; 19/5; 4; 15/4; 16/5; 19/5; 15/4; 7/2; 7/2; 7/2; 17/5; 7/2; 7/2; 15/4; 15/4; 4; 7/2; 15/4; 77/20; 37/10; 15/4; 15/4; ; 10/3; 3; 
Stourbridge; 6; 6; 13/2; 13/2; 13/2; 6; 13/2; 13/2; 6; 6; 6; 11/2; 13/2; 13/2; 13/2; 13/2; 25/4; 25/4; 25/4; 31/5; 25/4; 7; 26/5; 25/4; 13/2; ; 29/5; 28/5; 
META; english/fa-cup/stourbridge-v-northampton; 2016-12-02 16:24:47 GMT+2; 2016-12-04 14:00; e70300-dr003
Northampton; 2/5; 2/5; 2/5; 2/5; 4/9; 17/40; 4/11; 2/5; 4/9; 2/5; ; 4/9; 4/11; 2/5; 2/5; 2/5; 7/19; 2/5; 4/11; 2/5; 7/19; 4/9; 7/17; 2/5; 2/5; ; 4/11; 4/11; 
Draw; 15/4; 18/5; 18/5; 7/2; 19/5; 4; 15/4; 7/2; 19/5; 15/4; 7/2; 3; 7/2; 7/2; 7/2; 7/2; 15/4; 15/4; 4; 7/2; 15/4; 39/10; 19/5; 15/4; 15/4; ; 3; 3; 
Stourbridge; 6; 6; 13/2; 13/2; 13/2; 6; 13/2; 6; 6; 6; 6; 15/2; 13/2; 7; 13/2; 13/2; 25/4; 25/4; 25/4; 31/5; 25/4; 34/5; 28/5; 25/4; 13/2; ; 32/5; 28/5; 
META; english/fa-cup/stourbridge-v-northampton; 2016-12-02 20:25:40 GMT+2; 2016-12-04 14:00; e70300-dr003
Northampton; 2/5; 2/5; 2/5; 2/5; 4/9; 17/40; 4/11; 2/5; 4/9; 2/5; ; 4/9; 4/11; 2/5; 2/5; 2/5; 7/19; 2/5; 4/11; 2/5; 7/19; 4/9; 7/17; 2/5; 2/5; ; 4/11; 4/11; 
Draw; 15/4; 18/5; 18/5; 7/2; 19/5; 4; 15/4; 7/2; 19/5; 15/4; 7/2; 3; 7/2; 7/2; 7/2; 4; 15/4; 15/4; 4; 7/2; 15/4; 39/10; 19/5; 15/4; 15/4; ; 7/2; 3; 
Stourbridge; 6; 6; 13/2; 13/2; 13/2; 6; 13/2; 6; 6; 6; 6; 15/2; 13/2; 7; 13/2; 13/2; 25/4; 25/4; 25/4; 31/5; 25/4; 34/5; 28/5; 25/4; 13/2; ; 32/5; 28/5; 
META; english/fa-cup/stourbridge-v-northampton; 2016-12-03 00:23:40 GMT+2; 2016-12-04 14:00; e70300-dr003
Northampton; 2/5; 2/5; 2/5; 2/5; 4/9; 17/40; 4/11; 2/5; 4/9; 2/5; ; 4/9; 4/11; 2/5; 2/5; 2/5; 7/19; 2/5; 4/11; 2/5; 7/19; 4/9; 7/17; 2/5; 2/5; ; 4/11; 4/11; 
Draw; 15/4; 18/5; 18/5; 7/2; 19/5; 4; 15/4; 7/2; 19/5; 15/4; 7/2; 3; 7/2; 7/2; 7/2; 4; 15/4; 15/4; 4; 7/2; 15/4; 39/10; 19/5; 15/4; 15/4; ; 7/2; 3; 
Stourbridge; 6; 6; 13/2; 13/2; 13/2; 6; 13/2; 6; 6; 6; 6; 15/2; 13/2; 7; 13/2; 13/2; 25/4; 25/4; 25/4; 31/5; 25/4; 34/5; 28/5; 25/4; 13/2; ; 32/5; 28/5; 
META; english/fa-cup/stourbridge-v-northampton; 2016-12-03 04:23:27 GMT+2; 2016-12-04 14:00; e70300-dr003
Northampton; 2/5; 2/5; 2/5; 2/5; 4/9; 17/40; 4/11; 2/5; 4/9; 2/5; ; 4/9; 4/11; 2/5; 2/5; 2/5; 7/19; 2/5; 4/11; 2/5; 7/19; 4/9; 7/17; 2/5; 2/5; ; 4/11; 4/11; 
Draw; 15/4; 18/5; 18/5; 7/2; 19/5; 4; 15/4; 7/2; 19/5; 15/4; 7/2; 3; 7/2; 7/2; 7/2; 4; 15/4; 15/4; 4; 7/2; 15/4; 39/10; 19/5; 15/4; 15/4; ; 7/2; 3; 
Stourbridge; 6; 6; 13/2; 13/2; 13/2; 6; 13/2; 6; 6; 6; 6; 15/2; 13/2; 7; 13/2; 13/2; 25/4; 25/4; 25/4; 31/5; 25/4; 34/5; 28/5; 25/4; 13/2; ; 32/5; 28/5; 
META; english/fa-cup/stourbridge-v-northampton; 2016-12-03 08:23:31 GMT+2; 2016-12-04 14:00; e70300-dr003
Northampton; 2/5; 2/5; 2/5; 2/5; 4/9; 2/5; 4/11; 2/5; 4/9; 2/5; ; 4/9; 4/11; 2/5; 2/5; 2/5; 4/11; 2/5; 4/11; 2/5; 4/11; 4/9; 7/17; 2/5; 2/5; ; 4/11; 4/11; 
Draw; 17/4; 18/5; 18/5; 7/2; 19/5; 4; 15/4; 7/2; 19/5; 15/4; 7/2; 3; 7/2; 7/2; 7/2; 4; 19/5; 15/4; 4; 7/2; 19/5; 39/10; 19/5; 15/4; 15/4; ; 7/2; 3; 
Stourbridge; 7; 7; 13/2; 13/2; 13/2; 6; 13/2; 6; 6; 6; 6; 15/2; 13/2; 7; 13/2; 7; 25/4; 25/4; 25/4; 31/5; 25/4; 34/5; 28/5; 25/4; 13/2; ; 32/5; 28/5; 
META; english/fa-cup/stourbridge-v-northampton; 2016-12-03 12:25:54 GMT+2; 2016-12-04 14:00; e70300-dr003
Northampton; 2/5; 2/5; 2/5; 2/5; 4/9; 2/5; 2/5; 2/5; 4/9; 2/5; ; 4/9; 4/11; 2/5; 2/5; 2/5; 4/11; 2/5; 4/11; 2/5; 4/11; 4/9; 7/17; 2/5; 2/5; ; 4/11; 4/11; 
Draw; 17/4; 18/5; 18/5; 7/2; 19/5; 4; 17/4; 7/2; 19/5; 15/4; 7/2; 3; 7/2; 7/2; 7/2; 4; 19/5; 15/4; 4; 7/2; 19/5; 39/10; 19/5; 15/4; 15/4; ; 7/2; 3; 
Stourbridge; 7; 6; 13/2; 13/2; 13/2; 6; 7; 6; 6; 6; 6; 15/2; 13/2; 7; 13/2; 7; 25/4; 25/4; 25/4; 31/5; 25/4; 34/5; 28/5; 25/4; 13/2; ; 32/5; 28/5; 
META; english/fa-cup/stourbridge-v-northampton; 2016-12-03 16:25:33 GMT+2; 2016-12-04 14:00; e70300-dr003
Northampton; 2/5; 2/5; 2/5; 2/5; 4/9; 2/5; 2/5; 2/5; 4/9; 2/5; ; 4/9; 4/11; 2/5; 2/5; 2/5; 4/11; 2/5; 4/11; 2/5; 4/11; 4/9; 7/17; 2/5; 2/5; ; 2/5; 4/11; 
Draw; 17/4; 19/5; 18/5; 7/2; 19/5; 4; 17/4; 7/2; 19/5; 15/4; 7/2; 3; 7/2; 7/2; 7/2; 4; 19/5; 15/4; 4; 7/2; 19/5; 39/10; 19/5; 15/4; 15/4; ; 7/2; 3; 
Stourbridge ; 7; 6; 13/2; 13/2; 13/2; 6; 7; 6; 6; 6; 6; 15/2; 13/2; 7; 13/2; 7; 25/4; 25/4; 25/4; 31/5; 25/4; 34/5; 28/5; 25/4; 13/2; ; 32/5; 28/5; 
META; english/fa-cup/stourbridge-v-northampton; 2016-12-03 19:46:43 GMT+2; 2016-12-04 14:00; e70300-dr003
Northampton; 2/5; 2/5; 2/5; 2/5; 4/9; 2/5; 2/5; 2/5; 4/9; 2/5; ; 4/9; 4/11; 2/5; 2/5; 2/5; 7/19; 2/5; 4/11; 2/5; 7/19; 4/9; 7/17; 2/5; 2/5; ; 2/5; 4/11; 
Draw; 17/4; 19/5; 18/5; 7/2; 19/5; 4; 17/4; 7/2; 19/5; 15/4; 7/2; 3; 7/2; 7/2; 7/2; 4; 19/5; 15/4; 4; 7/2; 19/5; 39/10; 19/5; 15/4; 15/4; ; 7/2; 3; 
Stourbridge ; 7; 6; 13/2; 13/2; 13/2; 6; 7; 13/2; 6; 6; 11/2; 15/2; 13/2; 7; 13/2; 13/2; 25/4; 25/4; 25/4; 31/5; 25/4; 34/5; 28/5; 25/4; 13/2; ; 32/5; 28/5; 
META; english/fa-cup/stourbridge-v-northampton; 2016-12-03 20:25:41 GMT+2; 2016-12-04 14:00; e70300-dr003
Northampton; 2/5; 2/5; 2/5; 2/5; 4/9; 2/5; 2/5; 2/5; 4/9; 2/5; ; 4/9; 4/11; 2/5; 2/5; 2/5; 7/19; 2/5; 4/11; 2/5; 7/19; 4/9; 7/17; 2/5; 2/5; ; 2/5; 4/11; 
Draw; 17/4; 19/5; 18/5; 7/2; 19/5; 4; 17/4; 7/2; 19/5; 15/4; 7/2; 3; 7/2; 7/2; 7/2; 4; 19/5; 15/4; 4; 7/2; 19/5; 39/10; 19/5; 15/4; 15/4; ; 7/2; 3; 
Stourbridge ; 7; 6; 13/2; 13/2; 13/2; 6; 7; 13/2; 6; 6; 11/2; 15/2; 13/2; 7; 13/2; 13/2; 25/4; 25/4; 25/4; 31/5; 25/4; 34/5; 28/5; 25/4; 13/2; ; 32/5; 28/5; 
META; english/fa-cup/stourbridge-v-northampton; 2016-12-03 21:46:20 GMT+2; 2016-12-04 14:00; e70300-dr003
Northampton; 2/5; 2/5; 2/5; 2/5; 4/9; 2/5; 2/5; 2/5; 4/9; 2/5; ; 4/9; 4/11; 2/5; 2/5; 2/5; 4/11; 2/5; 4/11; 2/5; 4/11; 4/9; 7/17; 2/5; 2/5; ; 2/5; 4/11; 
Draw; 17/4; 19/5; 18/5; 7/2; 19/5; 4; 17/4; 7/2; 19/5; 15/4; 7/2; 3; 7/2; 7/2; 7/2; 4; 19/5; 15/4; 4; 7/2; 19/5; 39/10; 19/5; 15/4; 15/4; ; 7/2; 3; 
Stourbridge ; 7; 6; 13/2; 13/2; 13/2; 6; 7; 13/2; 6; 6; 11/2; 15/2; 13/2; 7; 13/2; 7; 13/2; 25/4; 25/4; 31/5; 13/2; 34/5; 28/5; 25/4; 13/2; ; 32/5; 28/5; 
META; english/fa-cup/stourbridge-v-northampton; 2016-12-03 23:45:40 GMT+2; 2016-12-04 14:00; e70300-dr003
Northampton; 2/5; 2/5; 2/5; 2/5; 4/9; 2/5; 2/5; 2/5; 4/9; 2/5; ; 4/9; 4/11; 2/5; 2/5; 2/5; 4/11; 2/5; 4/11; 2/5; 4/11; 4/9; 7/17; 2/5; 2/5; ; 2/5; 4/11; 
Draw; 17/4; 19/5; 18/5; 7/2; 19/5; 4; 17/4; 7/2; 19/5; 15/4; 7/2; 3; 7/2; 7/2; 7/2; 4; 19/5; 15/4; 4; 7/2; 19/5; 39/10; 19/5; 15/4; 15/4; ; 7/2; 3; 
Stourbridge ; 7; 6; 13/2; 13/2; 13/2; 6; 7; 13/2; 6; 6; 11/2; 15/2; 13/2; 7; 13/2; 7; 25/4; 25/4; 25/4; 31/5; 25/4; 34/5; 28/5; 25/4; 13/2; ; 34/5; 28/5; 
META; english/fa-cup/stourbridge-v-northampton; 2016-12-04 00:23:45 GMT+2; 2016-12-04 14:00; e70300-dr003
Northampton; 2/5; 2/5; 2/5; 2/5; 4/9; 2/5; 2/5; 2/5; 4/9; 2/5; ; 4/9; 4/11; 2/5; 2/5; 2/5; 4/11; 2/5; 4/11; 2/5; 4/11; 4/9; 7/17; 2/5; 2/5; ; 2/5; 4/11; 
Draw; 17/4; 19/5; 18/5; 7/2; 19/5; 4; 17/4; 7/2; 19/5; 15/4; 7/2; 3; 7/2; 7/2; 7/2; 4; 19/5; 15/4; 4; 7/2; 19/5; 39/10; 19/5; 15/4; 15/4; ; 7/2; 3; 
Stourbridge ; 7; 6; 13/2; 13/2; 13/2; 6; 7; 13/2; 6; 6; 11/2; 15/2; 13/2; 7; 13/2; 7; 25/4; 25/4; 25/4; 31/5; 25/4; 34/5; 28/5; 25/4; 13/2; ; 34/5; 28/5; 
META; english/fa-cup/stourbridge-v-northampton; 2016-12-04 00:47:00 GMT+2; 2016-12-04 14:00; e70300-dr003
Northampton; 2/5; 2/5; 2/5; 2/5; 4/9; 2/5; 2/5; 2/5; 4/9; 2/5; ; 4/9; 4/11; 2/5; 2/5; 2/5; 4/11; 2/5; 4/11; 2/5; 4/11; 4/9; 7/17; 2/5; 2/5; ; 2/5; 4/11; 
Draw; 17/4; 19/5; 18/5; 7/2; 19/5; 4; 17/4; 7/2; 19/5; 15/4; 7/2; 3; 7/2; 7/2; 7/2; 4; 19/5; 15/4; 4; 7/2; 19/5; 39/10; 19/5; 15/4; 15/4; ; 7/2; 3; 
Stourbridge ; 7; 6; 13/2; 13/2; 13/2; 6; 7; 13/2; 6; 6; 11/2; 15/2; 13/2; 7; 13/2; 7; 25/4; 25/4; 25/4; 31/5; 25/4; 34/5; 28/5; 25/4; 13/2; ; 34/5; 28/5; 
META; english/fa-cup/stourbridge-v-northampton; 2016-12-04 01:45:24 GMT+2; 2016-12-04 14:00; e70300-dr003
Northampton; 2/5; 2/5; 2/5; 2/5; 4/9; 2/5; 2/5; 2/5; 4/9; 2/5; ; 4/9; 4/11; 2/5; 2/5; 2/5; 4/11; 2/5; 4/11; 2/5; 4/11; 4/9; 7/17; 2/5; 2/5; ; 4/11; 4/11; 
Draw; 17/4; 19/5; 18/5; 7/2; 19/5; 4; 17/4; 7/2; 19/5; 15/4; 7/2; 3; 7/2; 7/2; 7/2; 4; 19/5; 15/4; 4; 7/2; 19/5; 39/10; 19/5; 15/4; 15/4; ; 7/2; 3; 
Stourbridge ; 7; 6; 13/2; 13/2; 13/2; 6; 7; 13/2; 6; 6; 11/2; 15/2; 13/2; 7; 13/2; 7; 25/4; 25/4; 25/4; 31/5; 25/4; 34/5; 28/5; 25/4; 13/2; ; 34/5; 28/5; 
META; english/fa-cup/stourbridge-v-northampton; 2016-12-04 03:45:23 GMT+2; 2016-12-04 14:00; e70300-dr003
Northampton; 2/5; 2/5; 2/5; 2/5; 4/9; 2/5; 2/5; 2/5; 4/9; 2/5; ; 4/9; 4/11; 2/5; 2/5; 2/5; 4/11; 2/5; 4/11; 2/5; 4/11; 4/9; 7/17; 2/5; 2/5; ; 2/5; 4/11; 
Draw; 17/4; 19/5; 18/5; 7/2; 19/5; 4; 17/4; 7/2; 19/5; 15/4; 7/2; 3; 7/2; 7/2; 7/2; 4; 19/5; 15/4; 4; 7/2; 19/5; 39/10; 19/5; 15/4; 15/4; ; 4; 3; 
Stourbridge ; 7; 6; 13/2; 13/2; 13/2; 6; 7; 13/2; 6; 6; 11/2; 15/2; 13/2; 7; 13/2; 7; 25/4; 25/4; 25/4; 31/5; 25/4; 34/5; 28/5; 25/4; 13/2; ; 34/5; 28/5; 
META; english/fa-cup/stourbridge-v-northampton; 2016-12-04 04:23:10 GMT+2; 2016-12-04 14:00; e70300-dr003
Northampton; 2/5; 2/5; 4/9; 2/5; 4/9; 17/40; 2/5; 2/5; 4/9; 2/5; ; 4/9; 4/11; 2/5; 2/5; 4/9; 4/11; 2/5; 4/11; 2/5; 4/11; 4/9; 7/17; 2/5; 2/5; ; 2/5; 4/11; 
Draw; 17/4; 19/5; 18/5; 7/2; 19/5; 4; 21/5; 7/2; 19/5; 15/4; 7/2; 3; 7/2; 7/2; 7/2; 7/2; 19/5; 15/4; 4; 7/2; 19/5; 39/10; 19/5; 15/4; 15/4; ; 4; 7/2; 
Stourbridge ; 7; 6; 13/2; 13/2; 13/2; 6; 7; 13/2; 6; 6; 11/2; 15/2; 13/2; 7; 13/2; 7; 25/4; 25/4; 25/4; 31/5; 25/4; 34/5; 28/5; 25/4; 13/2; ; 34/5; 29/5; 
META; english/fa-cup/stourbridge-v-northampton; 2016-12-04 05:45:23 GMT+2; 2016-12-04 14:00; e70300-dr003
Northampton; 2/5; 2/5; 4/9; 2/5; 4/9; 17/40; 2/5; 2/5; 4/9; 2/5; ; 4/9; 4/11; 2/5; 2/5; 2/5; 4/11; 2/5; 4/11; 2/5; 4/11; 4/9; 7/17; 2/5; 2/5; ; 2/5; 4/11; 
Draw; 17/4; 19/5; 18/5; 7/2; 19/5; 4; 21/5; 7/2; 19/5; 15/4; 7/2; 3; 7/2; 7/2; 7/2; 4; 19/5; 15/4; 4; 7/2; 19/5; 39/10; 19/5; 15/4; 15/4; ; 4; 7/2; 
Stourbridge ; 7; 6; 13/2; 13/2; 13/2; 6; 7; 13/2; 6; 6; 11/2; 15/2; 13/2; 7; 13/2; 7; 25/4; 25/4; 25/4; 31/5; 25/4; 34/5; 28/5; 25/4; 13/2; ; 34/5; 29/5; 
META; english/fa-cup/stourbridge-v-northampton; 2016-12-04 06:27:51 GMT+2; 2016-12-04 14:00; e70300-dr003
Northampton; 2/5; 2/5; 2/5; 2/5; 4/9; 17/40; 2/5; 2/5; 4/9; 2/5; ; 4/9; 4/11; 2/5; 2/5; 2/5; 4/11; 2/5; 4/11; 2/5; 4/11; 4/9; 7/17; 2/5; 2/5; ; 2/5; 4/11; 
Draw; 17/4; 19/5; 18/5; 7/2; 19/5; 4; 21/5; 7/2; 19/5; 15/4; 7/2; 3; 7/2; 7/2; 7/2; 4; 19/5; 15/4; 4; 7/2; 19/5; 39/10; 19/5; 15/4; 15/4; ; 4; 7/2; 
Stourbridge ; 7; 6; 13/2; 13/2; 13/2; 6; 7; 13/2; 6; 6; 11/2; 15/2; 13/2; 7; 13/2; 7; 25/4; 25/4; 25/4; 31/5; 25/4; 34/5; 28/5; 25/4; 13/2; ; 34/5; 29/5; 
META; english/fa-cup/stourbridge-v-northampton; 2016-12-04 07:45:22 GMT+2; 2016-12-04 14:00; e70300-dr003
Northampton; 2/5; 2/5; 2/5; 2/5; 4/9; 17/40; 2/5; 2/5; 4/9; 2/5; ; 4/9; 4/11; 2/5; 2/5; 2/5; 4/11; 2/5; 4/11; 2/5; 4/11; 4/9; 7/17; 2/5; 2/5; ; 2/5; 4/11; 
Draw; 17/4; 19/5; 18/5; 7/2; 19/5; 4; 21/5; 7/2; 19/5; 15/4; 7/2; 3; 7/2; 7/2; 7/2; 4; 19/5; 15/4; 4; 7/2; 19/5; 39/10; 19/5; 15/4; 15/4; ; 7/2; 7/2; 
Stourbridge ; 7; 6; 13/2; 13/2; 13/2; 6; 7; 13/2; 6; 6; 11/2; 15/2; 13/2; 7; 13/2; 7; 25/4; 25/4; 25/4; 31/5; 25/4; 34/5; 28/5; 25/4; 13/2; ; 34/5; 29/5; 
META; english/fa-cup/stourbridge-v-northampton; 2016-12-04 08:23:10 GMT+2; 2016-12-04 14:00; e70300-dr003
Northampton; 2/5; 2/5; 2/5; 2/5; 4/9; 17/40; 2/5; 2/5; 4/9; 2/5; ; 4/9; 4/11; 2/5; 2/5; 2/5; 4/11; 2/5; 4/11; 2/5; 4/11; 4/9; 7/17; 2/5; 2/5; ; 2/5; 4/11; 
Draw; 17/4; 19/5; 18/5; 7/2; 19/5; 4; 21/5; 7/2; 19/5; 15/4; 7/2; 3; 7/2; 7/2; 7/2; 4; 19/5; 15/4; 4; 7/2; 19/5; 39/10; 19/5; 15/4; 15/4; ; 7/2; 7/2; 
Stourbridge ; 7; 6; 13/2; 13/2; 13/2; 6; 7; 13/2; 6; 6; 11/2; 15/2; 13/2; 7; 13/2; 7; 25/4; 25/4; 25/4; 31/5; 25/4; 34/5; 28/5; 25/4; 13/2; ; 34/5; 32/5; 
META; english/fa-cup/stourbridge-v-northampton; 2016-12-04 09:45:24 GMT+2; 2016-12-04 14:00; e70300-dr003
Northampton; 2/5; 2/5; 2/5; 4/11; 4/9; 2/5; 2/5; 2/5; 2/5; 4/11; ; 4/9; 4/11; 4/11; 4/11; 2/5; 6/17; 2/5; 4/11; 2/5; 6/17; 21/50; 3/8; 2/5; 2/5; ; 2/5; 4/11; 
Draw; 17/4; 19/5; 37/10; 15/4; 7/2; 4; 17/4; 7/2; 4; 15/4; 7/2; 3; 15/4; 18/5; 15/4; 4; 50/13; 15/4; 4; 7/2; 50/13; 4; 75/19; 15/4; 4; ; 7/2; 7/2; 
Stourbridge ; 7; 13/2; 13/2; 7; 13/2; 13/2; 15/2; 13/2; 13/2; 13/2; 11/2; 15/2; 13/2; 7; 7; 7; 13/2; 25/4; 25/4; 31/5; 13/2; 36/5; 61/10; 25/4; 7; ; 7; 32/5; 
META; english/fa-cup/stourbridge-v-northampton; 2016-12-04 11:45:30 GMT+2; 2016-12-04 14:00; e70300-dr003
Northampton; 2/5; 2/5; 2/5; 2/5; 4/9; 2/5; 2/5; 2/5; 2/5; 2/5; ; 4/9; 4/11; 4/11; 4/11; 2/5; 4/11; 2/5; 4/11; 2/5; 4/11; 21/50; 3/8; 2/5; 2/5; ; 2/5; 4/11; 
Draw; 17/4; 19/5; 37/10; 15/4; 7/2; 4; 17/4; 7/2; 4; 15/4; 7/2; 3; 15/4; 15/4; 15/4; 4; 19/5; 15/4; 4; 7/2; 19/5; 4; 75/19; 15/4; 4; ; 7/2; 7/2; 
Stourbridge ; 7; 13/2; 13/2; 13/2; 13/2; 13/2; 7; 13/2; 13/2; 13/2; 11/2; 15/2; 13/2; 7; 7; 7; 25/4; 25/4; 25/4; 31/5; 25/4; 36/5; 61/10; 25/4; 7; ; 32/5; 32/5; 
META; english/fa-cup/stourbridge-v-northampton; 2016-12-04 12:24:33 GMT+2; 2016-12-04 14:00; e70300-dr003
Northampton; 2/5; 2/5; 2/5; 2/5; 4/9; 2/5; 2/5; 2/5; 2/5; 2/5; ; 4/9; 4/11; 4/11; 4/11; 2/5; 4/11; 2/5; 4/11; 2/5; 4/11; 21/50; 3/8; 2/5; 2/5; ; 2/5; 4/11; 
Draw; 17/4; 19/5; 37/10; 15/4; 7/2; 4; 17/4; 7/2; 4; 15/4; 7/2; 3; 15/4; 15/4; 15/4; 4; 19/5; 15/4; 4; 7/2; 19/5; 4; 75/19; 15/4; 4; ; 7/2; 7/2; 
Stourbridge ; 7; 13/2; 13/2; 13/2; 13/2; 13/2; 7; 13/2; 13/2; 13/2; 11/2; 15/2; 13/2; 7; 7; 7; 25/4; 25/4; 25/4; 31/5; 25/4; 36/5; 61/10; 25/4; 7; ; 32/5; 32/5; 
META; english/fa-cup/stourbridge-v-northampton; 2016-12-04 12:51:38 GMT+2; 2016-12-04 14:00; e70300-dr003
Northampton; 2/5; 2/5; 2/5; 2/5; 4/9; 2/5; 2/5; 2/5; 2/5; 2/5; ; 4/9; 4/11; 4/11; 4/11; 2/5; 4/11; 2/5; 4/11; 2/5; 4/11; 43/100; 3/8; 2/5; 2/5; ; 2/5; 4/11; 
Draw; 17/4; 19/5; 37/10; 15/4; 7/2; 4; 17/4; 7/2; 4; 15/4; 7/2; 3; 15/4; 15/4; 15/4; 4; 19/5; 15/4; 4; 7/2; 19/5; 4; 75/19; 15/4; 4; ; 7/2; 7/2; 
Stourbridge ; 7; 13/2; 13/2; 13/2; 13/2; 13/2; 7; 13/2; 13/2; 13/2; 11/2; 15/2; 13/2; 7; 7; 7; 25/4; 25/4; 25/4; 31/5; 25/4; 69/10; 61/10; 25/4; 7; ; 32/5; 32/5; 
META; english/fa-cup/stourbridge-v-northampton; 2016-12-04 13:45:30 GMT+2; 2016-12-04 14:00; e70300-dr003
Northampton; 2/5; 2/5; 2/5; 2/5; 4/9; 2/5; 2/5; 2/5; 2/5; 2/5; ; 4/9; 4/11; 4/11; 4/11; 2/5; 4/11; 2/5; 4/11; 2/5; 4/11; 43/100; 3/8; 2/5; 2/5; ; 2/5; 4/11; 
Draw; 17/4; 4; 37/10; 15/4; 7/2; 4; 17/4; 7/2; 4; 15/4; 7/2; 3; 15/4; 18/5; 15/4; 4; 19/5; 15/4; 4; 7/2; 19/5; 4; 75/19; 15/4; 4; ; 7/2; 7/2; 
Stourbridge ; 7; 6; 13/2; 13/2; 13/2; 13/2; 7; 13/2; 13/2; 13/2; 11/2; 15/2; 13/2; 7; 7; 7; 25/4; 25/4; 25/4; 31/5; 25/4; 69/10; 61/10; 25/4; 13/2; ; 33/5; 32/5; 
META; english/fa-cup/stourbridge-v-northampton; 2016-12-04 15:45:26 GMT+2; 2016-12-04 14:00; e70300-dr003
Northampton; ; ; 2/5; 2/5; 4/9; 2/5; ; 2/5; 2/5; ; ; ; 4/11; 2/5; 4/11; 4/9; 4/11; ; 4/11; ; 4/11; ; ; ; 2/5; ; 4/9; 4/11; 
Draw; ; ; 18/5; 15/4; 7/2; 4; ; 7/2; 4; ; ; ; 15/4; 18/5; 15/4; 7/2; 19/5; ; 4; ; 19/5; ; ; ; 15/4; ; 7/2; 10/3; 
Stourbridge ; ; ; 6; 13/2; 13/2; 13/2; ; 13/2; 6; ; ; ; 13/2; 13/2; 7; 15/2; 13/2; ; 25/4; ; 13/2; ; ; ; 13/2; ; 6; 32/5; 
META; english/fa-cup/stourbridge-v-northampton; 2016-12-04 16:24:54 GMT+2; 2016-12-04 14:00; In Play; e70300-dr003
Northampton; ; ; ; ; ; ; ; ; ; ; ; ; ; 2/5; ; ; 6/17; ; ; ; ; ; ; ; ; ; ; ; 
Draw; ; ; ; ; ; ; ; ; ; ; ; ; ; 18/5; ; ; 37/10; ; ; ; ; ; ; ; ; ; ; ; 
Stourbridge; ; ; ; ; ; ; ; ; ; ; ; ; ; 13/2; ; ; 25/4; ; ; ; ; ; ; ; ; ; ; ; 
META; english/fa-cup/stourbridge-v-northampton; 2016-12-04 17:45:20 GMT+2; 2016-12-04 14:00; In Play; e70300-dr003
Northampton; ; ; ; ; ; ; ; ; ; ; ; ; ; ; ; ; ; ; ; ; ; ; ; ; 2/5; ; ; ; 
Draw; ; ; ; ; ; ; ; ; ; ; ; ; ; ; ; ; ; ; ; ; ; ; ; ; 4; ; ; ; 
Stourbridge; ; ; ; ; ; ; ; ; ; ; ; ; ; ; ; ; ; ; ; ; ; ; ; ; 13/2; ; ; ; 
META; english/fa-cup/stourbridge-v-northampton; 2016-12-04 18:30:56 GMT+2; 2016-12-04 14:00; In Play; e70300-dr003
Northampton; ; ; ; ; ; ; ; ; ; ; ; ; ; ; ; ; ; ; ; ; ; ; ; ; 2/5; ; ; ; 
Draw; ; ; ; ; ; ; ; ; ; ; ; ; ; ; ; ; ; ; ; ; ; ; ; ; 4; ; ; ; 
Stourbridge; ; ; ; ; ; ; ; ; ; ; ; ; ; ; ; ; ; ; ; ; ; ; ; ; 13/2; ; ; ; 
META; english/fa-cup/stourbridge-v-northampton; 2016-12-05 20:23:30 GMT+2; 2016-12-13 19:45; e70300-dr003
Northampton; 2/5; ; ; ; ; ; 2/5; ; ; ; ; ; ; ; 2/5; ; ; ; ; ; ; ; ; ; 2/5; ; ; ; 
Draw; 7/2; ; ; ; ; ; 7/2; ; ; ; ; ; ; ; 7/2; ; ; ; ; ; ; ; ; ; 4; ; ; ; 
Stourbridge ; 7; ; ; ; ; ; 15/2; ; ; ; ; ; ; ; 13/2; ; ; ; ; ; ; ; ; ; 13/2; ; ; ; 
META; english/fa-cup/stourbridge-v-northampton; 2016-12-06 00:22:39 GMT+2; 2016-12-13 19:45; e70300-dr003
Northampton; 2/5; ; ; ; 2/5; ; 4/11; ; ; ; ; ; ; ; 2/5; ; ; ; ; ; ; ; ; ; 2/5; ; ; ; 
Draw; 7/2; ; ; ; 18/5; ; 18/5; ; ; ; ; ; ; ; 7/2; ; ; ; ; ; ; ; ; ; 4; ; ; ; 
Stourbridge ; 7; ; ; ; 15/2; ; 15/2; ; ; ; ; ; ; ; 13/2; ; ; ; ; ; ; ; ; ; 13/2; ; ; ; 
META; english/fa-cup/stourbridge-v-northampton; 2016-12-06 04:22:33 GMT+2; 2016-12-13 19:45; e70300-dr003
Northampton; 2/5; ; ; 4/11; 2/5; ; 4/11; ; ; ; ; ; ; ; 2/5; ; ; ; ; ; ; ; ; ; 2/5; ; ; ; 
Draw; 7/2; ; ; 15/4; 18/5; ; 18/5; ; ; ; ; ; ; ; 7/2; ; ; ; ; ; ; ; ; ; 4; ; ; ; 
Stourbridge ; 7; ; ; 7; 15/2; ; 15/2; ; ; ; ; ; ; ; 13/2; ; ; ; ; ; ; ; ; ; 13/2; ; ; ; 
META; english/fa-cup/stourbridge-v-northampton; 2016-12-06 08:22:25 GMT+2; 2016-12-13 19:45; e70300-dr003
Northampton; 2/5; ; ; 4/11; 2/5; ; 4/11; ; ; ; ; ; ; ; 2/5; ; ; ; ; ; ; ; ; ; 2/5; ; ; ; 
Draw; 7/2; ; ; 15/4; 18/5; ; 18/5; ; ; ; ; ; ; ; 7/2; ; ; ; ; ; ; ; ; ; 4; ; ; ; 
Stourbridge ; 7; ; ; 7; 15/2; ; 15/2; ; ; ; ; ; ; ; 13/2; ; ; ; ; ; ; ; ; ; 13/2; ; ; ; 
META; english/fa-cup/stourbridge-v-northampton; 2016-12-06 12:23:14 GMT+2; 2016-12-13 19:45; e70300-dr003
Northampton; 2/5; ; ; 4/11; 2/5; ; 4/11; ; ; ; ; ; ; ; 2/5; ; ; ; ; ; ; ; ; ; 2/5; ; ; ; 
Draw; 7/2; ; ; 15/4; 18/5; ; 18/5; ; ; ; ; ; ; ; 7/2; ; ; ; ; ; ; ; ; ; 4; ; ; ; 
Stourbridge ; 7; ; ; 7; 15/2; ; 8; ; ; ; ; ; ; ; 13/2; ; ; ; ; ; ; ; ; ; 13/2; ; ; ; 
META; english/fa-cup/stourbridge-v-northampton; 2016-12-06 16:24:25 GMT+2; 2016-12-13 19:45; e70300-dr003
Northampton; 4/11; ; 2/5; 4/11; 2/5; 2/5; 1/3; ; ; ; ; ; ; ; 2/5; ; 10/29; ; ; ; 10/29; 41/100; ; ; 2/5; ; ; ; 
Draw; 15/4; ; 37/10; 7/2; 18/5; 19/5; 15/4; ; ; ; ; ; ; ; 10/3; ; 17/5; ; ; ; 17/5; 77/20; ; ; 4; ; ; ; 
Stourbridge ; 15/2; ; 13/2; 15/2; 15/2; 7; 17/2; ; ; ; ; ; ; ; 7; ; 27/4; ; ; ; 27/4; 81/10; ; ; 13/2; ; ; ; 
META; english/fa-cup/stourbridge-v-northampton; 2016-12-06 20:23:51 GMT+2; 2016-12-13 19:45; e70300-dr003
Northampton; 4/11; ; 2/5; 2/5; 2/5; 2/5; 4/11; ; ; ; ; ; ; ; 2/5; ; 10/29; ; ; ; 10/29; 41/100; ; ; 2/5; ; ; ; 
Draw; 15/4; ; 37/10; 15/4; 18/5; 19/5; 15/4; ; ; ; 18/5; ; ; ; 10/3; ; 18/5; ; ; ; 18/5; 77/20; ; ; 4; ; ; ; 
Stourbridge ; 15/2; ; 13/2; 13/2; 15/2; 7; 8; ; ; ; 13/2; ; ; ; 7; ; 25/4; ; ; ; 25/4; 81/10; ; ; 13/2; ; ; ; 
META; english/fa-cup/stourbridge-v-northampton; 2016-12-07 00:22:45 GMT+2; 2016-12-13 19:45; e70300-dr003
Northampton; 4/11; ; 2/5; 2/5; 2/5; 2/5; 4/11; ; ; ; ; ; ; ; 2/5; ; 10/29; ; ; ; 10/29; 41/100; ; ; 2/5; ; ; ; 
Draw; 15/4; ; 37/10; 15/4; 18/5; 19/5; 19/5; ; ; ; 18/5; ; ; ; 10/3; ; 18/5; ; ; ; 18/5; 77/20; ; ; 4; ; ; ; 
Stourbridge ; 15/2; ; 13/2; 13/2; 15/2; 7; 15/2; ; ; ; 13/2; ; ; ; 7; ; 25/4; ; ; ; 25/4; 81/10; ; ; 13/2; ; ; ; 
META; english/fa-cup/stourbridge-v-northampton; 2016-12-07 04:22:20 GMT+2; 2016-12-13 19:45; e70300-dr003
Northampton; 4/11; ; 4/11; 4/11; 2/5; 2/5; 4/11; ; ; ; ; ; ; ; 2/5; ; 10/29; ; ; ; 10/29; 41/100; ; ; 2/5; ; ; ; 
Draw; 15/4; ; 15/4; 4; 18/5; 19/5; 19/5; ; ; ; 18/5; ; ; ; 10/3; ; 18/5; ; ; ; 18/5; 77/20; ; ; 4; ; ; ; 
Stourbridge ; 15/2; ; 7; 7; 15/2; 7; 15/2; ; ; ; 13/2; ; ; ; 7; ; 25/4; ; ; ; 25/4; 81/10; ; ; 13/2; ; ; ; 
META; english/fa-cup/stourbridge-v-northampton; 2016-12-07 08:22:15 GMT+2; 2016-12-13 19:45; e70300-dr003
Northampton; 4/11; ; 4/11; 4/11; 2/5; 2/5; 4/11; ; ; 4/11; ; ; ; ; 2/5; ; 10/29; ; ; ; 10/29; 41/100; ; ; 2/5; ; ; ; 
Draw; 15/4; ; 15/4; 4; 18/5; 19/5; 19/5; ; ; 15/4; 18/5; ; ; ; 10/3; ; 18/5; ; ; ; 18/5; 77/20; ; ; 4; ; ; ; 
Stourbridge ; 15/2; ; 7; 7; 15/2; 7; 15/2; ; ; 13/2; 13/2; ; ; ; 7; ; 25/4; ; ; ; 25/4; 81/10; ; ; 13/2; ; ; ; 
META; english/fa-cup/stourbridge-v-northampton; 2016-12-07 12:23:19 GMT+2; 2016-12-13 19:45; e70300-dr003
Northampton; 4/11; ; 4/11; 4/11; 2/5; 2/5; 4/11; ; 2/5; 4/11; ; ; 4/11; ; 2/5; ; 10/29; ; ; ; 10/29; 41/100; ; ; 2/5; ; ; ; 
Draw; 15/4; ; 15/4; 4; 18/5; 19/5; 19/5; ; 19/5; 15/4; 18/5; ; 7/2; ; 10/3; ; 18/5; ; ; ; 18/5; 77/20; ; ; 4; ; ; ; 
Stourbridge ; 15/2; ; 7; 7; 15/2; 7; 15/2; ; 15/2; 13/2; 13/2; ; 7; ; 7; ; 25/4; ; ; ; 25/4; 81/10; ; ; 13/2; ; ; ; 
META; english/fa-cup/stourbridge-v-northampton; 2016-12-07 16:23:35 GMT+2; 2016-12-13 19:45; e70300-dr003
Northampton; 4/11; ; 4/11; 4/11; 2/5; 2/5; 1/3; ; 2/5; 4/11; ; 4/11; 4/11; ; 2/5; ; 10/29; ; ; ; 10/29; 41/100; 4/11; ; 2/5; ; ; ; 
Draw; 15/4; ; 15/4; 4; 19/5; 4; 4; ; 4; 15/4; 18/5; 4; 7/2; ; 10/3; ; 18/5; ; ; ; 18/5; 77/20; 7/2; ; 4; ; ; ; 
Stourbridge ; 15/2; ; 7; 7; 15/2; 7; 15/2; ; 13/2; 13/2; 13/2; 7; 7; ; 7; ; 25/4; ; ; ; 25/4; 81/10; 31/5; ; 13/2; ; ; ; 
META; english/fa-cup/stourbridge-v-northampton; 2016-12-07 20:23:33 GMT+2; 2016-12-13 19:45; e70300-dr003
Northampton; 4/11; ; 4/11; 4/11; 2/5; 2/5; 1/3; ; 2/5; 4/11; ; 4/11; 4/11; ; 2/5; ; 10/29; ; ; ; 10/29; 41/100; 4/11; ; 2/5; ; ; ; 
Draw; 15/4; ; 15/4; 4; 19/5; 4; 4; ; 4; 15/4; 18/5; 4; 7/2; ; 10/3; ; 18/5; ; ; ; 18/5; 77/20; 7/2; ; 4; ; ; ; 
Stourbridge ; 15/2; ; 7; 7; 15/2; 7; 15/2; ; 13/2; 13/2; 13/2; 7; 7; ; 7; ; 25/4; ; ; ; 25/4; 81/10; 31/5; ; 13/2; ; ; ; 
META; english/fa-cup/stourbridge-v-northampton; 2016-12-08 00:22:32 GMT+2; 2016-12-13 19:45; e70300-dr003
Northampton; 4/11; ; 4/11; 4/11; 2/5; 2/5; 1/3; ; 2/5; 4/11; ; 4/11; 4/11; ; 2/5; 4/11; 10/29; ; ; ; 10/29; 41/100; 4/11; ; 2/5; ; ; ; 
Draw; 15/4; ; 15/4; 4; 19/5; 4; 4; ; 4; 15/4; 18/5; 4; 7/2; ; 10/3; 4; 18/5; ; ; ; 18/5; 77/20; 7/2; ; 4; ; ; ; 
Stourbridge ; 15/2; ; 7; 7; 15/2; 7; 15/2; ; 13/2; 13/2; 13/2; 7; 7; ; 7; 7; 25/4; ; ; ; 25/4; 81/10; 31/5; ; 13/2; ; ; ; 
META; english/fa-cup/stourbridge-v-northampton; 2016-12-08 04:22:42 GMT+2; 2016-12-13 19:45; e70300-dr003
Northampton; 4/11; ; 4/11; 4/11; 2/5; 2/5; 4/11; ; 2/5; 4/11; ; 4/11; 4/11; ; 2/5; 4/11; 10/29; ; ; ; 10/29; 41/100; 4/11; ; 2/5; ; ; ; 
Draw; 15/4; ; 15/4; 4; 19/5; 4; 19/5; ; 4; 15/4; 18/5; 4; 7/2; ; 10/3; 4; 18/5; ; ; ; 18/5; 77/20; 7/2; ; 4; ; ; ; 
Stourbridge ; 15/2; ; 7; 7; 15/2; 7; 8; ; 13/2; 13/2; 13/2; 7; 7; ; 7; 15/2; 25/4; ; ; ; 25/4; 81/10; 31/5; ; 13/2; ; ; ; 
META; english/fa-cup/stourbridge-v-northampton; 2016-12-08 08:22:24 GMT+2; 2016-12-13 19:45; e70300-dr003
Northampton; 4/11; ; 4/11; 4/11; 2/5; 2/5; 1/3; ; 2/5; 4/11; ; 4/11; 4/11; ; 2/5; 4/11; 10/29; ; ; ; 10/29; 41/100; 4/11; ; 2/5; ; ; ; 
Draw; 15/4; ; 15/4; 4; 19/5; 4; 4; ; 4; 15/4; 18/5; 4; 7/2; ; 10/3; 4; 18/5; ; ; ; 18/5; 77/20; 7/2; ; 4; ; ; ; 
Stourbridge ; 15/2; ; 7; 7; 15/2; 7; 15/2; ; 13/2; 13/2; 13/2; 7; 7; ; 7; 7; 25/4; ; ; ; 25/4; 81/10; 31/5; ; 13/2; ; ; ; 
META; english/fa-cup/stourbridge-v-northampton; 2016-12-08 12:23:16 GMT+2; 2016-12-13 19:45; e70300-dr003
Northampton; 4/11; ; 4/11; 4/11; 2/5; 2/5; 1/3; ; 2/5; 4/11; ; 4/11; 4/11; ; 2/5; 4/11; 10/29; ; ; ; 10/29; 41/100; 4/11; ; 2/5; ; ; ; 
Draw; 15/4; ; 15/4; 4; 19/5; 4; 4; ; 4; 15/4; 18/5; 4; 7/2; ; 10/3; 4; 62/17; ; ; ; 62/17; 77/20; 7/2; ; 4; ; ; ; 
Stourbridge ; 15/2; ; 7; 7; 15/2; 7; 15/2; ; 13/2; 13/2; 13/2; 7; 7; ; 7; 7; 25/4; ; ; ; 25/4; 81/10; 31/5; ; 13/2; ; ; ; 
META; english/fa-cup/stourbridge-v-northampton; 2016-12-08 16:23:56 GMT+2; 2016-12-13 19:45; e70300-dr003
Northampton; 4/11; 2/5; 4/11; 4/11; 2/5; 2/5; 1/3; ; 2/5; 4/11; ; 4/11; 4/11; ; 2/5; 4/11; 10/29; ; ; ; 10/29; 41/100; 4/11; ; 2/5; ; ; ; 
Draw; 15/4; 7/2; 15/4; 4; 19/5; 4; 4; ; 4; 15/4; 18/5; 4; 7/2; ; 10/3; 4; 62/17; ; ; ; 62/17; 77/20; 7/2; ; 4; ; ; ; 
Stourbridge ; 15/2; 13/2; 7; 7; 15/2; 7; 15/2; ; 13/2; 13/2; 13/2; 7; 7; ; 7; 7; 25/4; ; ; ; 25/4; 81/10; 31/5; ; 13/2; ; ; ; 
META; english/fa-cup/stourbridge-v-northampton; 2016-12-08 20:23:51 GMT+2; 2016-12-13 19:45; e70300-dr003
Northampton; 4/11; 2/5; 4/11; 4/11; 2/5; ; 1/3; ; 2/5; 4/11; ; 4/11; 4/11; ; 2/5; 4/11; 10/29; ; ; ; 10/29; 41/100; 4/11; ; 2/5; ; ; ; 
Draw; 15/4; 7/2; 15/4; 4; 19/5; ; 4; ; 4; 15/4; 18/5; 4; 7/2; ; 10/3; 4; 62/17; ; ; ; 62/17; 77/20; 7/2; ; 4; ; ; ; 
Stourbridge ; 15/2; 13/2; 7; 7; 15/2; ; 15/2; ; 13/2; 13/2; 13/2; 7; 7; ; 7; 7; 25/4; ; ; ; 25/4; 81/10; 31/5; ; 13/2; ; ; ; 
META; english/fa-cup/stourbridge-v-northampton; 2016-12-09 00:23:37 GMT+2; 2016-12-13 19:45; e70300-dr003
Northampton; 4/11; 2/5; 4/11; 4/11; 2/5; ; 1/3; ; 2/5; 4/11; ; 4/11; 4/11; ; 2/5; 4/11; 10/29; ; ; ; 10/29; 41/100; 4/11; ; 2/5; ; ; ; 
Draw; 15/4; 7/2; 15/4; 4; 19/5; ; 4; ; 4; 15/4; 18/5; 4; 7/2; ; 10/3; 4; 37/10; ; ; ; 37/10; 77/20; 7/2; ; 4; ; ; ; 
Stourbridge ; 15/2; 13/2; 7; 7; 15/2; ; 15/2; ; 13/2; 13/2; 13/2; 7; 7; ; 7; 7; 13/2; ; ; ; 13/2; 81/10; 31/5; ; 13/2; ; ; ; 
META; english/fa-cup/stourbridge-v-northampton; 2016-12-09 04:21:15 GMT+2; 2016-12-13 19:45; e70300-dr003
Northampton; 4/11; 2/5; 4/11; 4/11; 2/5; 4/11; 1/3; ; 2/5; 4/11; ; 4/11; 4/11; ; 2/5; 4/11; 10/29; ; 4/11; ; 10/29; 41/100; 4/11; ; 2/5; ; ; ; 
Draw; 15/4; 19/5; 15/4; 4; 19/5; ; 4; ; 4; 15/4; 18/5; 4; 7/2; ; 10/3; 4; 37/10; ; 15/4; ; 37/10; 77/20; 7/2; ; 4; ; ; ; 
Stourbridge ; 15/2; 13/2; 7; 7; 15/2; ; 15/2; ; 13/2; 13/2; 13/2; 7; 7; ; 7; 7; 13/2; ; 29/4; ; 13/2; 81/10; 31/5; ; 13/2; ; ; ; 
META; english/fa-cup/stourbridge-v-northampton; 2016-12-09 08:21:16 GMT+2; 2016-12-13 19:45; e70300-dr003
Northampton; 4/11; 2/5; 4/11; 4/11; 2/5; 4/11; 1/3; ; 2/5; 4/11; ; 4/11; 4/11; ; 2/5; 4/11; 10/29; ; 4/11; ; 10/29; 41/100; 4/11; ; 2/5; ; ; ; 
Draw; 15/4; 19/5; 15/4; 4; 19/5; ; 4; ; 4; 15/4; 18/5; 4; 7/2; ; 10/3; 4; 37/10; ; 15/4; ; 37/10; 77/20; 7/2; ; 4; ; ; ; 
Stourbridge ; 15/2; 13/2; 7; 7; 15/2; ; 15/2; ; 13/2; 13/2; 13/2; 7; 7; ; 7; 7; 13/2; ; 29/4; ; 13/2; 81/10; 31/5; ; 13/2; ; ; ; 
META; english/fa-cup/stourbridge-v-northampton; 2016-12-09 12:22:57 GMT+2; 2016-12-13 19:45; e70300-dr003
Northampton; 4/11; 2/5; 4/11; 4/11; 2/5; 4/11; 1/3; ; 2/5; 4/11; ; 4/11; ; ; 2/5; 4/11; 10/29; ; 4/11; ; 10/29; 41/100; 4/11; ; 2/5; ; ; ; 
Draw; 15/4; 19/5; 15/4; 4; 19/5; ; 4; ; 4; 15/4; 18/5; 4; ; ; 10/3; 4; 37/10; ; 15/4; ; 37/10; 77/20; 7/2; ; 4; ; ; ; 
Stourbridge ; 15/2; 13/2; 7; 7; 15/2; ; 15/2; ; 13/2; 13/2; 13/2; 7; ; ; 7; 7; 13/2; ; 29/4; ; 13/2; 81/10; 31/5; ; 13/2; ; ; ; 
META; english/fa-cup/stourbridge-v-northampton; 2016-12-09 16:23:35 GMT+2; 2016-12-13 19:45; e70300-dr003
Northampton; 4/11; 2/5; 4/11; 4/11; 2/5; 4/11; 1/3; ; 2/5; 4/11; ; 4/11; 4/11; ; 2/5; 4/11; 10/29; ; 4/11; ; 10/29; 41/100; 4/11; ; 2/5; ; ; 1/3; 
Draw; 15/4; 19/5; 15/4; 4; 19/5; ; 4; ; 4; 15/4; 18/5; 4; 7/2; ; 10/3; 4; 37/10; ; 15/4; ; 37/10; 77/20; 7/2; ; 4; ; ; 3; 
Stourbridge ; 15/2; 13/2; 7; 7; 15/2; ; 15/2; ; 13/2; 13/2; 13/2; 7; 7; ; 7; 7; 13/2; ; 29/4; ; 13/2; 81/10; 31/5; ; 13/2; ; ; 33/5; 
META; english/fa-cup/stourbridge-v-northampton; 2016-12-09 20:26:10 GMT+2; 2016-12-13 19:45; e70300-dr003
Northampton; 4/11; 2/5; 4/11; 4/11; 2/5; 4/11; 1/3; ; 2/5; 4/11; ; 4/11; 4/11; ; 2/5; 4/11; 10/29; ; 4/11; ; 10/29; 41/100; 4/11; ; 2/5; ; ; 1/3; 
Draw; 15/4; 19/5; 15/4; 4; 19/5; ; 4; ; 4; 15/4; 18/5; 4; 7/2; ; 10/3; 4; 37/10; ; 15/4; ; 37/10; 77/20; 7/2; ; 4; ; ; 3; 
Stourbridge ; 15/2; 13/2; 7; 7; 15/2; ; 15/2; ; 13/2; 13/2; 13/2; 7; 7; ; 7; 7; 13/2; ; 29/4; ; 13/2; 81/10; 31/5; ; 13/2; ; ; 33/5; 
META; english/fa-cup/stourbridge-v-northampton; 2016-12-10 00:22:21 GMT+2; 2016-12-13 19:45; e70300-dr003
Northampton; 4/11; 2/5; 4/11; 4/11; 2/5; 4/11; 1/3; ; 2/5; 4/11; ; 4/11; 4/11; ; 2/5; 4/11; 10/29; ; 4/11; ; 10/29; 41/100; 4/11; ; 2/5; ; ; 1/3; 
Draw; 15/4; 19/5; 15/4; 4; 19/5; ; 4; ; 4; 15/4; 18/5; 4; 7/2; ; 10/3; 4; 37/10; ; 15/4; ; 37/10; 77/20; 7/2; ; 4; ; ; 3; 
Stourbridge ; 15/2; 13/2; 7; 7; 15/2; ; 15/2; ; 13/2; 13/2; 13/2; 7; 7; ; 7; 7; 13/2; ; 29/4; ; 13/2; 81/10; 31/5; ; 13/2; ; ; 33/5; 
META; english/fa-cup/stourbridge-v-northampton; 2016-12-10 04:22:26 GMT+2; 2016-12-13 19:45; e70300-dr003
Northampton; 4/11; 2/5; 4/11; 4/11; 2/5; 4/11; 1/3; ; 2/5; 4/11; ; 4/11; 4/11; ; 2/5; 4/11; 10/29; ; 4/11; ; 10/29; 41/100; 4/11; ; 2/5; ; ; 1/3; 
Draw; 15/4; 19/5; 15/4; 4; 19/5; ; 4; ; 4; 15/4; 18/5; 4; 7/2; ; 10/3; 4; 37/10; ; 15/4; ; 37/10; 77/20; 7/2; ; 4; ; ; 3; 
Stourbridge ; 15/2; 13/2; 7; 7; 15/2; ; 15/2; ; 13/2; 13/2; 13/2; 7; 7; ; 7; 7; 13/2; ; 29/4; ; 13/2; 81/10; 31/5; ; 13/2; ; ; 33/5; 
META; english/fa-cup/stourbridge-v-northampton; 2016-12-10 08:22:41 GMT+2; 2016-12-13 19:45; e70300-dr003
Northampton; 4/11; 2/5; 4/11; 4/11; 2/5; 4/11; 1/3; ; 2/5; 4/11; ; 4/11; 4/11; ; 2/5; 4/11; 10/29; ; 4/11; ; 10/29; 41/100; 4/11; ; 2/5; ; ; 1/3; 
Draw; 15/4; 19/5; 15/4; 4; 19/5; ; 4; ; 4; 15/4; 18/5; 4; 7/2; ; 10/3; 4; 37/10; ; 15/4; ; 37/10; 77/20; 7/2; ; 4; ; ; 3; 
Stourbridge ; 15/2; 13/2; 7; 7; 15/2; ; 15/2; ; 13/2; 13/2; 13/2; 7; 7; ; 7; 7; 13/2; ; 29/4; ; 13/2; 81/10; 31/5; ; 13/2; ; ; 33/5; 
META; english/fa-cup/stourbridge-v-northampton; 2016-12-10 12:25:36 GMT+2; 2016-12-13 19:45; e70300-dr003
Northampton; 4/11; 2/5; 4/11; 4/11; 2/5; 4/11; 4/11; ; 2/5; 4/11; ; 4/11; 4/11; ; 2/5; 4/11; 10/29; ; 4/11; ; 10/29; 41/100; 4/11; ; 2/5; ; ; 1/3; 
Draw; 15/4; 19/5; 15/4; 4; 19/5; ; 19/5; ; 4; 15/4; 18/5; 4; 7/2; ; 10/3; 4; 37/10; ; 15/4; ; 37/10; 77/20; 7/2; ; 4; ; ; 3; 
Stourbridge ; 15/2; 13/2; 7; 7; 15/2; ; 15/2; ; 13/2; 13/2; 13/2; 7; 7; ; 7; 7; 13/2; ; 29/4; ; 13/2; 81/10; 31/5; ; 13/2; ; ; 33/5; 
META; english/fa-cup/stourbridge-v-northampton; 2016-12-10 16:23:23 GMT+2; 2016-12-13 19:45; e70300-dr003
Northampton; 4/11; 2/5; 4/11; 4/11; 2/5; 4/11; 4/11; 3/10; 2/5; 4/11; ; 4/11; 4/11; ; 2/5; 4/11; 10/29; ; 4/11; ; 10/29; 41/100; 4/11; ; ; ; ; 1/3; 
Draw; 15/4; 19/5; 15/4; 4; 19/5; ; 4; 7/2; 4; 15/4; 18/5; 4; 7/2; ; 10/3; 4; 37/10; ; 15/4; ; 37/10; 77/20; 7/2; ; ; ; ; 3; 
Stourbridge ; 15/2; 13/2; 7; 7; 15/2; ; 13/2; 7; 13/2; 13/2; 13/2; 7; 7; ; 7; 7; 13/2; ; 29/4; ; 13/2; 81/10; 31/5; ; ; ; ; 33/5; 
META; english/fa-cup/stourbridge-v-northampton; 2016-12-10 20:25:04 GMT+2; 2016-12-13 19:45; e70300-dr003
Northampton; 4/11; 2/5; 4/11; 4/11; 2/5; 4/11; 4/11; 3/10; 2/5; 4/11; ; 4/11; 4/11; ; 2/5; 4/11; 10/29; ; 4/11; ; 10/29; 41/100; 4/11; ; 4/11; ; ; 1/3; 
Draw; 15/4; 19/5; 15/4; 4; 19/5; ; 4; 7/2; 4; 15/4; 18/5; 4; 7/2; ; 10/3; 4; 37/10; ; 15/4; ; 37/10; 77/20; 7/2; ; 7/2; ; ; 3; 
Stourbridge ; 15/2; 13/2; 7; 7; 15/2; ; 13/2; 7; 13/2; 13/2; 13/2; 7; 7; ; 7; 7; 13/2; ; 29/4; ; 13/2; 81/10; 31/5; ; 7; ; ; 33/5; 
META; english/fa-cup/stourbridge-v-northampton; 2016-12-11 00:23:10 GMT+2; 2016-12-13 19:45; e70300-dr003
Northampton; 4/11; 2/5; 4/11; 4/11; 4/11; 4/11; 4/11; 3/10; 2/5; 4/11; ; 4/11; 4/11; ; 2/5; 4/11; 4/11; ; 4/11; ; 4/11; 41/100; 4/11; ; 4/11; ; ; 1/3; 
Draw; 15/4; 19/5; 19/5; 4; 4; ; 4; 7/2; 4; 15/4; 18/5; 4; 7/2; ; 10/3; 4; 15/4; ; 15/4; ; 15/4; 77/20; 7/2; ; 7/2; ; ; 3; 
Stourbridge ; 15/2; 13/2; 7; 7; 7; ; 13/2; 7; 13/2; 13/2; 13/2; 7; 7; ; 7; 7; 27/4; ; 29/4; ; 27/4; 81/10; 31/5; ; 7; ; ; 33/5; 
META; english/fa-cup/stourbridge-v-northampton; 2016-12-11 04:21:50 GMT+2; 2016-12-13 19:45; e70300-dr003
Northampton; 4/11; 2/5; 4/11; 4/11; 4/11; 4/11; 4/11; 3/10; 2/5; 4/11; ; 4/11; 4/11; ; 2/5; 4/11; 4/11; ; 4/11; ; 4/11; 41/100; 4/11; ; 4/11; ; ; 1/3; 
Draw; 15/4; 19/5; 19/5; 4; 4; ; 4; 7/2; 4; 15/4; 18/5; 4; 7/2; ; 10/3; 4; 15/4; ; 15/4; ; 15/4; 77/20; 7/2; ; 7/2; ; ; 3; 
Stourbridge ; 15/2; 13/2; 7; 7; 7; ; 13/2; 7; 13/2; 13/2; 13/2; 7; 7; ; 7; 7; 27/4; ; 29/4; ; 27/4; 81/10; 31/5; ; 7; ; ; 33/5; 
META; english/fa-cup/stourbridge-v-northampton; 2016-12-11 08:22:00 GMT+2; 2016-12-13 19:45; e70300-dr003
Northampton; 4/11; 2/5; 4/11; 4/11; 4/11; 4/11; 4/11; 3/10; 2/5; 4/11; ; 4/11; 4/11; ; 2/5; 4/11; 4/11; ; 4/11; ; 4/11; 41/100; 4/11; ; 4/11; ; ; 1/3; 
Draw; 15/4; 19/5; 19/5; 4; 4; ; 4; 7/2; 4; 15/4; 18/5; 4; 7/2; ; 10/3; 4; 19/5; ; 15/4; ; 19/5; 77/20; 7/2; ; 7/2; ; ; 3; 
Stourbridge ; 15/2; 13/2; 7; 7; 7; ; 13/2; 7; 13/2; 13/2; 13/2; 7; 7; ; 7; 7; 27/4; ; 29/4; ; 27/4; 81/10; 31/5; ; 7; ; ; 33/5; 
META; english/fa-cup/stourbridge-v-northampton; 2016-12-11 12:22:43 GMT+2; 2016-12-13 19:45; e70300-dr003
Northampton; 4/11; 2/5; 4/11; 4/11; 4/11; 4/11; 4/11; 3/10; 2/5; 4/11; ; 4/11; 4/11; ; 2/5; 4/11; 4/11; ; 4/11; ; 4/11; 41/100; 4/11; ; 4/11; ; ; 1/3; 
Draw; 15/4; 19/5; 19/5; 4; 4; ; 4; 7/2; 4; 15/4; 18/5; 4; 7/2; ; 10/3; 4; 15/4; ; 15/4; ; 15/4; 41/10; 7/2; ; 7/2; ; ; 3; 
Stourbridge ; 15/2; 13/2; 7; 7; 7; ; 13/2; 7; 13/2; 13/2; 13/2; 7; 7; ; 7; 7; 27/4; ; 29/4; ; 27/4; 73/10; 31/5; ; 7; ; ; 33/5; 
META; english/fa-cup/stourbridge-v-northampton; 2016-12-11 16:23:33 GMT+2; 2016-12-13 19:45; e70300-dr003
Northampton; 4/11; 2/5; 4/11; 4/11; 4/11; 4/11; 4/11; 3/10; 2/5; 4/11; ; 4/11; 4/11; ; 2/5; 4/11; 4/11; ; 4/11; ; 4/11; 41/100; 4/11; ; 4/11; ; ; 1/3; 
Draw; 15/4; 19/5; 19/5; 4; 4; ; 4; 7/2; 4; 15/4; 18/5; 4; 7/2; ; 10/3; 4; 15/4; ; 15/4; ; 15/4; 41/10; 7/2; ; 7/2; ; ; 3; 
Stourbridge ; 15/2; 13/2; 7; 7; 7; ; 13/2; 7; 13/2; 13/2; 13/2; 7; 7; ; 7; 7; 27/4; ; 29/4; ; 27/4; 73/10; 31/5; ; 7; ; ; 33/5; 
META; english/fa-cup/stourbridge-v-northampton; 2016-12-11 20:23:12 GMT+2; 2016-12-13 19:45; e70300-dr003
Northampton; 4/11; 2/5; 4/11; 4/11; 4/11; 4/11; 4/11; 4/11; 2/5; 4/11; ; 4/11; 4/11; ; 2/5; 4/11; 4/11; ; 4/11; ; 4/11; 41/100; 4/11; ; 4/11; ; ; 1/3; 
Draw; 15/4; 19/5; 19/5; 4; 4; ; 4; 7/2; 4; 15/4; 18/5; 4; 7/2; ; 10/3; 4; 15/4; ; 15/4; ; 15/4; 41/10; 7/2; ; 7/2; ; ; 3; 
Stourbridge ; 15/2; 13/2; 7; 7; 7; ; 13/2; 15/2; 13/2; 13/2; 13/2; 7; 7; ; 7; 7; 27/4; ; 29/4; ; 27/4; 73/10; 31/5; ; 7; ; ; 33/5; 
META; english/fa-cup/stourbridge-v-northampton; 2016-12-12 00:21:32 GMT+2; 2016-12-13 19:45; e70300-dr003
Northampton; 4/11; 2/5; 4/11; 4/11; 4/11; 4/11; 4/11; 4/11; 2/5; 4/11; ; 4/11; 4/11; ; 2/5; 4/11; 4/11; ; 4/11; ; 4/11; 41/100; 4/11; ; 4/11; ; 4/11; 1/3; 
Draw; 15/4; 19/5; 19/5; 4; 4; ; 4; 7/2; 4; 15/4; 18/5; 4; 7/2; ; 10/3; 4; 15/4; ; 15/4; ; 15/4; 41/10; 7/2; ; 7/2; ; 7/2; 3; 
Stourbridge ; 15/2; 13/2; 7; 7; 7; ; 13/2; 15/2; 13/2; 13/2; 13/2; 7; 7; ; 7; 7; 27/4; ; 29/4; ; 27/4; 73/10; 31/5; ; 7; ; 6; 33/5; 
META; english/fa-cup/stourbridge-v-northampton; 2016-12-12 00:38:59 GMT+2; 2016-12-13 19:45; e70300-dr003
Northampton; 4/11; 2/5; 4/11; 4/11; 4/11; 4/11; 4/11; 4/11; 2/5; 4/11; ; 4/11; 4/11; ; 2/5; 4/11; 4/11; 2/5; 4/11; 2/5; 4/11; 41/100; 4/11; 2/5; 4/11; ; 4/11; 1/3; 
Draw; 15/4; 19/5; 19/5; 4; 4; ; 4; 7/2; 4; 15/4; 18/5; 4; 7/2; ; 10/3; 4; 15/4; 15/4; 15/4; 7/2; 15/4; 41/10; 7/2; 15/4; 7/2; ; 7/2; 3; 
Stourbridge ; 15/2; 13/2; 7; 7; 7; ; 13/2; 15/2; 13/2; 13/2; 13/2; 7; 7; ; 7; 7; 27/4; 25/4; 29/4; 31/5; 27/4; 73/10; 31/5; 25/4; 7; ; 6; 33/5; 
META; english/fa-cup/stourbridge-v-northampton; 2016-12-12 01:45:53 GMT+2; 2016-12-13 19:45; e70300-dr003
Northampton; 4/11; 2/5; 4/11; 4/11; 4/11; 4/11; 4/11; 4/11; 2/5; 4/11; ; 4/11; 4/11; ; 2/5; 4/11; 4/11; 2/5; 4/11; 2/5; 4/11; 41/100; 4/11; 2/5; 4/11; ; 4/11; 1/3; 
Draw; 15/4; 19/5; 19/5; 4; 4; ; 4; 7/2; 4; 15/4; 18/5; 4; 7/2; ; 10/3; 4; 15/4; 15/4; 15/4; 7/2; 15/4; 41/10; 7/2; 15/4; 7/2; ; 7/2; 3; 
Stourbridge ; 15/2; 13/2; 7; 7; 7; ; 13/2; 15/2; 13/2; 13/2; 13/2; 7; 7; ; 7; 7; 27/4; 25/4; 29/4; 31/5; 27/4; 73/10; 31/5; 25/4; 7; ; 6; 33/5; 
META; english/fa-cup/stourbridge-v-northampton; 2016-12-12 03:45:48 GMT+2; 2016-12-13 19:45; e70300-dr003
Northampton; 4/11; 2/5; 4/11; 4/11; 4/11; 4/11; 4/11; 4/11; 2/5; 4/11; ; 4/11; 4/11; ; 2/5; 4/11; 4/11; 2/5; 4/11; 2/5; 4/11; 41/100; 4/11; 2/5; 4/11; ; 4/11; 1/3; 
Draw; 15/4; 19/5; 19/5; 4; 4; ; 4; 7/2; 4; 15/4; 18/5; 4; 7/2; ; 10/3; 4; 15/4; 15/4; 15/4; 7/2; 15/4; 41/10; 7/2; 15/4; 7/2; ; 7/2; 3; 
Stourbridge ; 15/2; 13/2; 7; 7; 7; ; 13/2; 15/2; 13/2; 13/2; 13/2; 7; 7; ; 7; 7; 27/4; 25/4; 29/4; 31/5; 27/4; 73/10; 31/5; 25/4; 7; ; 6; 33/5; 
META; english/fa-cup/stourbridge-v-northampton; 2016-12-12 04:21:37 GMT+2; 2016-12-13 19:45; e70300-dr003
Northampton; 2/5; 2/5; 4/11; 4/11; 4/11; 2/5; 4/11; 4/11; 2/5; 4/11; ; 4/11; 4/11; ; 2/5; 4/11; 4/11; 2/5; 4/11; 2/5; 4/11; 41/100; 4/11; 2/5; 4/11; ; 4/11; 1/3; 
Draw; 4; 19/5; 19/5; 4; 4; ; 4; 7/2; 4; 15/4; 18/5; 4; 7/2; ; 10/3; 4; 15/4; 15/4; 15/4; 7/2; 15/4; 41/10; 7/2; 15/4; 7/2; ; 7/2; 3; 
Stourbridge ; 8; 13/2; 7; 7; 7; ; 13/2; 15/2; 13/2; 13/2; 13/2; 7; 7; ; 7; 7; 27/4; 25/4; 29/4; 31/5; 27/4; 73/10; 31/5; 25/4; 7; ; 6; 33/5; 
META; english/fa-cup/stourbridge-v-northampton; 2016-12-12 05:45:52 GMT+2; 2016-12-13 19:45; e70300-dr003
Northampton; 2/5; 2/5; 4/11; 4/11; 4/11; 2/5; 4/11; 4/11; 2/5; 4/11; ; 4/11; 4/11; ; 2/5; 4/11; 4/11; 2/5; 4/11; 2/5; 4/11; 41/100; 4/11; 2/5; 4/11; ; 4/11; 1/3; 
Draw; 4; 19/5; 19/5; 4; 4; ; 4; 7/2; 4; 15/4; 18/5; 4; 7/2; ; 10/3; 4; 15/4; 15/4; 15/4; 7/2; 15/4; 41/10; 7/2; 15/4; 7/2; ; 7/2; 3; 
Stourbridge ; 8; 13/2; 7; 7; 7; ; 13/2; 15/2; 13/2; 13/2; 13/2; 7; 7; ; 7; 7; 27/4; 25/4; 29/4; 31/5; 27/4; 73/10; 31/5; 25/4; 7; ; 6; 33/5; 
META; english/fa-cup/stourbridge-v-northampton; 2016-12-12 06:25:28 GMT+2; 2016-12-13 19:45; e70300-dr003
Northampton; 2/5; 2/5; 4/11; 4/11; 4/11; 2/5; 4/11; 4/11; 2/5; 4/11; ; 4/11; 4/11; ; 2/5; 4/11; 4/11; 2/5; 4/11; 2/5; 4/11; 41/100; 4/11; 2/5; 4/11; ; 4/11; 1/3; 
Draw; 4; 19/5; 19/5; 4; 4; ; 4; 7/2; 4; 15/4; 18/5; 4; 7/2; ; 10/3; 4; 15/4; 15/4; 15/4; 7/2; 15/4; 41/10; 7/2; 15/4; 7/2; ; 7/2; 3; 
Stourbridge ; 8; 13/2; 7; 7; 7; ; 13/2; 15/2; 13/2; 13/2; 13/2; 7; 7; ; 7; 7; 27/4; 25/4; 29/4; 31/5; 27/4; 73/10; 31/5; 25/4; 7; ; 6; 33/5; 
META; english/fa-cup/stourbridge-v-northampton; 2016-12-12 07:45:52 GMT+2; 2016-12-13 19:45; e70300-dr003
Northampton; 2/5; 2/5; 4/11; 4/11; 4/11; 2/5; 4/11; 4/11; 2/5; 4/11; ; 4/11; 4/11; ; 2/5; 4/11; 4/11; 2/5; 4/11; ; 4/11; 41/100; 4/11; ; 4/11; ; 4/11; ; 
Draw; 4; 19/5; 19/5; 4; 4; ; 4; 7/2; 4; 15/4; 18/5; 4; 7/2; ; 10/3; 4; 15/4; 15/4; 15/4; ; 15/4; 41/10; 7/2; ; 7/2; ; 7/2; ; 
Stourbridge ; 8; 13/2; 7; 7; 7; ; 13/2; 15/2; 13/2; 13/2; 13/2; 7; 7; ; 7; 7; 27/4; 25/4; 29/4; ; 27/4; 73/10; 31/5; ; 7; ; 6; ; 
META; english/fa-cup/stourbridge-v-northampton; 2016-12-12 08:21:43 GMT+2; 2016-12-13 19:45; e70300-dr003
Northampton; 2/5; 2/5; 4/11; 4/11; 4/11; 2/5; 4/11; 4/11; 2/5; 4/11; ; 4/11; 4/11; ; 2/5; 4/11; 4/11; 2/5; 4/11; ; 4/11; 41/100; 4/11; ; 4/11; ; 4/11; ; 
Draw; 4; 19/5; 19/5; 4; 4; ; 4; 7/2; 4; 15/4; 18/5; 4; 7/2; ; 10/3; 4; 15/4; 15/4; 15/4; ; 15/4; 41/10; 7/2; ; 7/2; ; 7/2; ; 
Stourbridge ; 8; 13/2; 7; 7; 7; ; 13/2; 15/2; 13/2; 13/2; 13/2; 7; 7; ; 7; 7; 27/4; 25/4; 29/4; ; 27/4; 73/10; 31/5; ; 7; ; 6; ; 
META; english/fa-cup/stourbridge-v-northampton; 2016-12-12 09:45:55 GMT+2; 2016-12-13 19:45; e70300-dr003
Northampton; 2/5; 2/5; 4/11; 4/11; 4/11; 2/5; 4/11; 4/11; 2/5; 4/11; ; 4/11; 4/11; ; 2/5; 4/11; 4/11; 2/5; 4/11; ; 4/11; 41/100; 4/11; ; 4/11; ; 4/11; 3/10; 
Draw; 4; 19/5; 19/5; 4; 4; ; 4; 7/2; 4; 15/4; 18/5; 4; 7/2; ; 10/3; 4; 15/4; 15/4; 15/4; ; 15/4; 41/10; 7/2; ; 7/2; ; 7/2; 14/5; 
Stourbridge ; 8; 13/2; 7; 7; 7; ; 13/2; 15/2; 13/2; 13/2; 13/2; 7; 7; ; 7; 7; 27/4; 25/4; 29/4; ; 27/4; 73/10; 31/5; ; 7; ; 6; 31/5; 
META; english/fa-cup/stourbridge-v-northampton; 2016-12-12 11:45:52 GMT+2; 2016-12-13 19:45; e70300-dr003
Northampton; 2/5; 2/5; 4/11; 4/11; 2/5; 4/11; 4/11; 4/11; 2/5; 4/11; ; 4/11; 4/11; 4/11; 2/5; 4/11; 4/11; 2/5; 4/11; 2/5; 4/11; 41/100; 4/11; 2/5; 4/11; ; 4/11; 1/3; 
Draw; 4; 19/5; 19/5; 4; 4; ; 4; 7/2; 4; 15/4; 18/5; 4; 7/2; 7/2; 10/3; 4; 19/5; 15/4; 15/4; 7/2; 19/5; 41/10; 7/2; 15/4; 7/2; ; 7/2; 3; 
Stourbridge ; 8; 13/2; 7; 7; 7; ; 13/2; 15/2; 13/2; 13/2; 13/2; 7; 7; 8; 7; 7; 13/2; 25/4; 29/4; 31/5; 13/2; 73/10; 31/5; 25/4; 7; ; 37/5; 33/5; 
META; english/fa-cup/stourbridge-v-northampton; 2016-12-12 12:14:46 GMT+2; 2016-12-13 19:45; e70300-dr003
Northampton; 2/5; 2/5; 4/11; 4/11; 2/5; 4/11; 4/11; 4/11; 2/5; 4/11; ; 4/11; 4/11; 4/11; 2/5; 4/11; 4/11; 2/5; 4/11; 2/5; 4/11; 41/100; 4/11; 2/5; 4/11; ; 4/11; 1/3; 
Draw; 4; 19/5; 19/5; 4; 4; ; 4; 7/2; 4; 15/4; 18/5; 4; 7/2; 7/2; 10/3; 4; 19/5; 15/4; 15/4; 7/2; 19/5; 41/10; 7/2; 15/4; 7/2; ; 3; 3; 
Stourbridge ; 8; 13/2; 7; 7; 7; ; 13/2; 15/2; 13/2; 13/2; 13/2; 7; 7; 8; 7; 7; 13/2; 25/4; 29/4; 31/5; 13/2; 73/10; 31/5; 25/4; 7; ; 37/5; 33/5; 
META; english/fa-cup/stourbridge-v-northampton; 2016-12-12 13:45:50 GMT+2; 2016-12-13 19:45; e70300-dr003
Northampton; 2/5; 2/5; 4/11; 4/11; 2/5; 2/5; 4/11; 4/11; 2/5; 4/11; ; 2/5; 4/11; 4/11; 2/5; 4/11; 4/11; 2/5; 4/11; 2/5; 4/11; 41/100; 4/11; 2/5; 2/5; ; 4/11; 1/3; 
Draw; 4; 19/5; 19/5; 4; 4; ; 4; 7/2; 4; 15/4; 18/5; 7/2; 7/2; 7/2; 10/3; 4; 15/4; 15/4; 15/4; 7/2; 15/4; 41/10; 7/2; 15/4; 15/4; ; 7/2; 3; 
Stourbridge ; 8; 13/2; 7; 7; 7; ; 13/2; 15/2; 13/2; 13/2; 13/2; 7; 7; 8; 7; 7; 13/2; 25/4; 29/4; 31/5; 13/2; 73/10; 31/5; 25/4; 15/2; ; 37/5; 33/5; 
META; english/fa-cup/stourbridge-v-northampton; 2016-12-12 15:45:52 GMT+2; 2016-12-13 19:45; e70300-dr003
Northampton; 2/5; 2/5; 4/11; 4/11; 2/5; 2/5; 4/11; 4/11; 2/5; 4/11; ; 2/5; 4/11; 4/11; 2/5; 4/11; 4/11; 2/5; 4/11; 2/5; 4/11; 41/100; 4/11; 2/5; 2/5; ; 4/11; 1/3; 
Draw; 4; 19/5; 19/5; 4; 4; ; 4; 7/2; 4; 15/4; 18/5; 7/2; 7/2; 7/2; 7/2; 4; 15/4; 15/4; 15/4; 7/2; 15/4; 41/10; 7/2; 15/4; 15/4; ; 7/2; 3; 
Stourbridge ; 8; 13/2; 7; 7; 7; ; 13/2; 15/2; 13/2; 13/2; 13/2; 7; 7; 8; 13/2; 7; 13/2; 25/4; 29/4; 31/5; 13/2; 73/10; 31/5; 25/4; 15/2; ; 37/5; 33/5; 
META; english/fa-cup/stourbridge-v-northampton; 2016-12-12 16:22:55 GMT+2; 2016-12-13 19:45; e70300-dr003
Northampton; 2/5; 2/5; 4/11; 4/11; 2/5; 2/5; 2/5; 4/11; 2/5; 4/11; ; 2/5; 4/11; 4/11; 2/5; 2/5; 4/11; 2/5; 4/11; 2/5; 4/11; 41/100; 4/11; 2/5; 2/5; ; 4/11; 1/3; 
Draw; 4; 19/5; 19/5; 4; 4; ; 4; 7/2; 4; 15/4; 18/5; 7/2; 7/2; 7/2; 7/2; 7/2; 15/4; 15/4; 15/4; 7/2; 15/4; 41/10; 7/2; 15/4; 15/4; ; 7/2; 3; 
Stourbridge ; 8; 13/2; 7; 7; 7; ; 13/2; 15/2; 13/2; 13/2; 13/2; 7; 7; 8; 13/2; 7; 13/2; 25/4; 29/4; 31/5; 13/2; 73/10; 31/5; 25/4; 15/2; ; 37/5; 33/5; 
META; english/fa-cup/stourbridge-v-northampton; 2016-12-12 17:45:52 GMT+2; 2016-12-13 19:45; e70300-dr003
Northampton; 2/5; 2/5; 4/11; 4/11; 2/5; 2/5; 2/5; 4/11; 2/5; 4/11; ; 2/5; 4/11; 4/11; 2/5; 2/5; 4/11; 2/5; 4/11; 2/5; 4/11; 21/50; 4/11; 2/5; 2/5; ; 4/11; 1/3; 
Draw; 4; 19/5; 19/5; 4; 4; ; 4; 7/2; 4; 15/4; 18/5; 7/2; 7/2; 7/2; 7/2; 7/2; 15/4; 15/4; 15/4; 7/2; 15/4; 41/10; 7/2; 15/4; 15/4; ; 7/2; 3; 
Stourbridge ; 8; 13/2; 7; 7; 7; ; 13/2; 15/2; 13/2; 13/2; 13/2; 7; 7; 8; 13/2; 7; 13/2; 25/4; 29/4; 31/5; 13/2; 7; 31/5; 25/4; 15/2; ; 37/5; 33/5; 
META; english/fa-cup/stourbridge-v-northampton; 2016-12-12 18:28:47 GMT+2; 2016-12-13 19:45; e70300-dr003
Northampton; 2/5; 2/5; 4/11; 4/11; 2/5; 2/5; 2/5; 4/11; 2/5; 4/11; ; 2/5; 4/11; 4/11; 2/5; 2/5; 4/11; 2/5; 4/11; 2/5; 4/11; 21/50; 4/11; 2/5; 2/5; ; 4/11; 1/3; 
Draw; 4; 19/5; 19/5; 4; 4; ; 4; 7/2; 4; 15/4; 18/5; 7/2; 7/2; 7/2; 7/2; 7/2; 15/4; 15/4; 15/4; 7/2; 15/4; 41/10; 7/2; 15/4; 15/4; ; 7/2; 3; 
Stourbridge ; 8; 13/2; 7; 7; 7; ; 13/2; 15/2; 13/2; 13/2; 13/2; 7; 7; 8; 13/2; 7; 13/2; 25/4; 29/4; 31/5; 13/2; 7; 31/5; 25/4; 15/2; ; 37/5; 33/5; 
META; english/fa-cup/stourbridge-v-northampton; 2016-12-12 19:46:05 GMT+2; 2016-12-13 19:45; e70300-dr003
Northampton; 2/5; 2/5; 4/11; 4/11; 2/5; 2/5; 2/5; 4/11; 2/5; 4/11; ; 2/5; 4/11; 4/11; 2/5; 2/5; 4/11; 2/5; 4/11; 2/5; 4/11; 21/50; 4/11; 2/5; 2/5; ; 2/5; 1/3; 
Draw; 4; 19/5; 19/5; 4; 4; ; 4; 7/2; 4; 15/4; 18/5; 7/2; 7/2; 7/2; 7/2; 7/2; 15/4; 15/4; 15/4; 7/2; 15/4; 41/10; 7/2; 15/4; 15/4; ; 7/2; 3; 
Stourbridge ; 8; 13/2; 7; 7; 7; ; 13/2; 15/2; 13/2; 13/2; 13/2; 7; 7; 8; 13/2; 7; 13/2; 25/4; 29/4; 31/5; 13/2; 7; 31/5; 25/4; 15/2; ; 31/5; 33/5; 
META; english/fa-cup/stourbridge-v-northampton; 2016-12-12 20:23:39 GMT+2; 2016-12-13 19:45; e70300-dr003
Northampton; 2/5; 2/5; 4/11; 4/11; 2/5; 2/5; 2/5; 4/11; 2/5; 4/11; ; 2/5; 4/11; 4/11; 2/5; 2/5; 4/11; 2/5; 4/11; 2/5; 4/11; 21/50; 4/11; 2/5; 2/5; ; 2/5; 1/3; 
Draw; 4; 19/5; 19/5; 4; 4; ; 4; 7/2; 4; 15/4; 18/5; 7/2; 7/2; 7/2; 7/2; 7/2; 15/4; 15/4; 15/4; 7/2; 15/4; 41/10; 7/2; 15/4; 15/4; ; 7/2; 3; 
Stourbridge ; 8; 13/2; 7; 7; 7; ; 13/2; 15/2; 13/2; 13/2; 13/2; 7; 7; 8; 13/2; 7; 13/2; 25/4; 29/4; 31/5; 13/2; 7; 31/5; 25/4; 15/2; ; 37/5; 33/5; 
META; english/fa-cup/stourbridge-v-northampton; 2016-12-12 21:45:59 GMT+2; 2016-12-13 19:45; e70300-dr003
Northampton; 2/5; 2/5; 4/11; 4/11; 2/5; 2/5; 2/5; 4/11; 2/5; 4/11; ; 2/5; 4/11; 4/11; 2/5; 2/5; 4/11; 2/5; 4/11; 2/5; 4/11; 21/50; 4/11; 2/5; 2/5; ; 4/11; 1/3; 
Draw; 4; 19/5; 19/5; 4; 4; ; 4; 7/2; 4; 15/4; 18/5; 7/2; 7/2; 7/2; 7/2; 7/2; 15/4; 15/4; 15/4; 7/2; 15/4; 41/10; 7/2; 15/4; 15/4; ; 7/2; 3; 
Stourbridge ; 8; 13/2; 7; 7; 7; ; 13/2; 15/2; 13/2; 13/2; 13/2; 7; 7; 8; 13/2; 7; 13/2; 25/4; 29/4; 31/5; 13/2; 7; 31/5; 25/4; 15/2; ; 37/5; 33/5; 
META; english/fa-cup/stourbridge-v-northampton; 2016-12-12 23:45:45 GMT+2; 2016-12-13 19:45; e70300-dr003
Northampton; 2/5; 2/5; 4/11; 4/11; 2/5; 2/5; 2/5; 4/11; 2/5; 4/11; ; 2/5; 4/11; 4/11; 2/5; 2/5; 4/11; 2/5; 4/11; 2/5; 4/11; 21/50; 4/11; 2/5; 2/5; ; 4/11; 1/3; 
Draw; 4; 19/5; 19/5; 4; 4; ; 4; 7/2; 4; 15/4; 18/5; 7/2; 7/2; 7/2; 7/2; 7/2; 15/4; 15/4; 15/4; 7/2; 15/4; 41/10; 7/2; 15/4; 15/4; ; 7/2; 3; 
Stourbridge ; 8; 13/2; 7; 7; 7; ; 13/2; 15/2; 13/2; 13/2; 13/2; 7; 7; 8; 13/2; 7; 13/2; 25/4; 29/4; 31/5; 13/2; 7; 31/5; 25/4; 15/2; ; 37/5; 33/5; 
META; english/fa-cup/stourbridge-v-northampton; 2016-12-13 00:22:34 GMT+2; 2016-12-13 19:45; e70300-dr003
Northampton; 2/5; 2/5; 2/5; 4/11; 2/5; 2/5; 2/5; 4/11; 2/5; 4/11; ; 2/5; 4/11; 4/11; 2/5; 2/5; 4/11; 2/5; 4/11; 2/5; 4/11; 21/50; 4/11; 2/5; 2/5; ; 4/11; 1/3; 
Draw; 4; 19/5; 37/10; 4; 4; ; 4; 7/2; 4; 15/4; 18/5; 7/2; 7/2; 7/2; 7/2; 7/2; 15/4; 15/4; 15/4; 7/2; 15/4; 41/10; 7/2; 15/4; 15/4; ; 7/2; 3; 
Stourbridge ; 8; 13/2; 7; 7; 7; 13/2; 13/2; 15/2; 13/2; 13/2; 13/2; 7; 7; 8; 13/2; 7; 13/2; 25/4; 29/4; 31/5; 13/2; 7; 31/5; 25/4; 15/2; ; 37/5; 7; 
META; english/fa-cup/stourbridge-v-northampton; 2016-12-13 00:42:57 GMT+2; 2016-12-13 19:45; e70300-dr003
Northampton; 2/5; 2/5; 2/5; 4/11; 2/5; 2/5; 2/5; 4/11; 2/5; 4/11; ; 2/5; 4/11; 4/11; 2/5; 2/5; 4/11; 2/5; 4/11; 2/5; 4/11; 21/50; 4/11; 2/5; 2/5; ; 4/11; 1/3; 
Draw; 4; 19/5; 37/10; 4; 4; ; 4; 7/2; 4; 15/4; 18/5; 7/2; 7/2; 7/2; 7/2; 7/2; 15/4; 15/4; 15/4; 7/2; 15/4; 41/10; 7/2; 15/4; 15/4; ; 7/2; 3; 
Stourbridge ; 8; 13/2; 7; 7; 7; 13/2; 13/2; 15/2; 13/2; 13/2; 13/2; 7; 7; 8; 13/2; 7; 13/2; 25/4; 29/4; 31/5; 13/2; 7; 31/5; 25/4; 15/2; ; 37/5; 7; 
META; english/fa-cup/stourbridge-v-northampton; 2016-12-13 01:45:35 GMT+2; 2016-12-13 19:45; e70300-dr003
Northampton; 2/5; 2/5; 2/5; 4/11; 2/5; 2/5; 2/5; 4/11; 2/5; 4/11; ; 2/5; 4/11; 4/11; 2/5; 2/5; 4/11; 2/5; 4/11; 2/5; 4/11; 21/50; 4/11; 2/5; 2/5; ; 4/11; 1/3; 
Draw; 4; 19/5; 37/10; 4; 4; ; 4; 7/2; 4; 15/4; 18/5; 7/2; 7/2; 7/2; 7/2; 7/2; 15/4; 15/4; 15/4; 7/2; 15/4; 41/10; 7/2; 15/4; 15/4; ; 7/2; 3; 
Stourbridge ; 8; 13/2; 7; 7; 7; 13/2; 13/2; 15/2; 13/2; 13/2; 13/2; 7; 7; 8; 13/2; 7; 27/4; 25/4; 29/4; 31/5; 27/4; 7; 31/5; 25/4; 15/2; ; 37/5; 7; 
META; english/fa-cup/stourbridge-v-northampton; 2016-12-13 03:45:40 GMT+2; 2016-12-13 19:45; e70300-dr003
Northampton; 2/5; 2/5; 2/5; 2/5; 2/5; 2/5; 2/5; 3/10; 2/5; 2/5; ; 2/5; 4/11; 4/11; 2/5; 4/11; 4/11; 2/5; 4/11; 2/5; 4/11; 21/50; 4/11; 2/5; 2/5; ; 4/11; 1/3; 
Draw; 4; 19/5; 37/10; 15/4; 4; ; 4; 7/2; 4; 15/4; 18/5; 7/2; 7/2; 7/2; 7/2; 4; 15/4; 15/4; 15/4; 7/2; 15/4; 41/10; 7/2; 15/4; 15/4; ; 7/2; 3; 
Stourbridge ; 8; 13/2; 7; 13/2; 7; 13/2; 13/2; 7; 13/2; 13/2; 13/2; 7; 7; 8; 13/2; 7; 27/4; 25/4; 29/4; 31/5; 27/4; 7; 31/5; 25/4; 15/2; ; 37/5; 7; 
META; english/fa-cup/stourbridge-v-northampton; 2016-12-13 04:22:37 GMT+2; 2016-12-13 19:45; e70300-dr003
Northampton; 2/5; 2/5; 2/5; 2/5; 2/5; 2/5; 2/5; 3/10; 2/5; 2/5; ; 2/5; 4/11; 4/11; 2/5; 4/11; 4/11; 2/5; 4/11; 2/5; 4/11; 21/50; 4/11; 2/5; 2/5; ; 4/11; 1/3; 
Draw; 4; 19/5; 37/10; 15/4; 4; ; 4; 7/2; 4; 15/4; 18/5; 7/2; 7/2; 18/5; 7/2; 4; 19/5; 15/4; 15/4; 7/2; 19/5; 41/10; 7/2; 15/4; 15/4; ; 7/2; 10/3; 
Stourbridge ; 8; 13/2; 7; 13/2; 7; 13/2; 13/2; 7; 13/2; 13/2; 13/2; 7; 7; 15/2; 13/2; 7; 13/2; 25/4; 29/4; 31/5; 13/2; 7; 31/5; 25/4; 7; ; 34/5; 7; 
META; english/fa-cup/stourbridge-v-northampton; 2016-12-13 05:45:36 GMT+2; 2016-12-13 19:45; e70300-dr003
Northampton; 2/5; 2/5; 2/5; 2/5; 2/5; 2/5; 2/5; 3/10; 2/5; 2/5; ; 2/5; 4/11; 4/11; 2/5; 4/11; 4/11; 2/5; 4/11; 2/5; 4/11; 21/50; 4/11; 2/5; 2/5; ; 2/5; 1/3; 
Draw; 4; 19/5; 37/10; 15/4; 4; ; 4; 7/2; 4; 15/4; 18/5; 7/2; 7/2; 18/5; 7/2; 4; 19/5; 15/4; 15/4; 7/2; 19/5; 41/10; 7/2; 15/4; 15/4; ; 7/2; 10/3; 
Stourbridge ; 8; 13/2; 7; 13/2; 7; 13/2; 13/2; 7; 13/2; 13/2; 13/2; 7; 7; 15/2; 13/2; 7; 13/2; 25/4; 29/4; 31/5; 13/2; 7; 31/5; 25/4; 7; ; 34/5; 7; 
META; english/fa-cup/stourbridge-v-northampton; 2016-12-13 06:27:04 GMT+2; 2016-12-13 19:45; e70300-dr003
Northampton; 2/5; 2/5; 2/5; 2/5; 2/5; 2/5; 2/5; 3/10; 2/5; 2/5; ; 2/5; 2/5; 4/11; 2/5; 4/11; 4/11; 2/5; 4/11; 2/5; 4/11; 21/50; 4/11; 2/5; 2/5; ; 2/5; 1/3; 
Draw; 4; 19/5; 15/4; 15/4; 4; ; 4; 7/2; 4; 15/4; 18/5; 7/2; 7/2; 18/5; 7/2; 4; 19/5; 15/4; 15/4; 7/2; 19/5; 41/10; 7/2; 15/4; 15/4; ; 7/2; 10/3; 
Stourbridge ; 8; 13/2; 7; 13/2; 7; 13/2; 13/2; 7; 13/2; 13/2; 13/2; 7; 13/2; 15/2; 13/2; 7; 13/2; 25/4; 29/4; 31/5; 13/2; 7; 31/5; 25/4; 7; ; 34/5; 7; 
META; english/fa-cup/stourbridge-v-northampton; 2016-12-13 07:45:37 GMT+2; 2016-12-13 19:45; e70300-dr003
Northampton; 2/5; 2/5; 2/5; 2/5; 2/5; 2/5; 2/5; 3/10; 2/5; 2/5; ; 2/5; 2/5; 4/11; 2/5; 4/11; 4/11; 2/5; 4/11; 2/5; 4/11; 21/50; 4/11; 2/5; 2/5; ; 2/5; 3/10; 
Draw; 17/4; 19/5; 15/4; 15/4; 4; ; 17/4; 7/2; 4; 15/4; 18/5; 7/2; 7/2; 18/5; 7/2; 4; 19/5; 15/4; 15/4; 7/2; 19/5; 41/10; 7/2; 15/4; 4; ; 7/2; 3; 
Stourbridge ; 15/2; 13/2; 7; 13/2; 7; 13/2; 13/2; 7; 13/2; 13/2; 13/2; 7; 13/2; 15/2; 13/2; 7; 13/2; 25/4; 29/4; 31/5; 13/2; 7; 31/5; 25/4; 7; ; 7; 7; 
META; english/fa-cup/stourbridge-v-northampton; 2016-12-13 08:23:01 GMT+2; 2016-12-13 19:45; e70300-dr003
Northampton; 2/5; 2/5; 2/5; 2/5; 2/5; 2/5; 2/5; 3/10; 2/5; 2/5; ; 2/5; 2/5; 4/11; 2/5; 4/11; 4/11; 2/5; 4/11; 2/5; 4/11; 21/50; 4/11; 2/5; 2/5; ; 2/5; 1/3; 
Draw; 17/4; 19/5; 15/4; 15/4; 4; ; 17/4; 7/2; 4; 15/4; 18/5; 7/2; 7/2; 18/5; 7/2; 4; 19/5; 15/4; 15/4; 7/2; 19/5; 41/10; 7/2; 15/4; 4; ; 7/2; 3; 
Stourbridge ; 15/2; 13/2; 7; 13/2; 7; 13/2; 13/2; 7; 13/2; 13/2; 13/2; 7; 13/2; 15/2; 13/2; 7; 13/2; 25/4; 29/4; 31/5; 13/2; 7; 31/5; 25/4; 7; ; 7; 7; 
META; english/fa-cup/stourbridge-v-northampton; 2016-12-13 09:45:47 GMT+2; 2016-12-13 19:45; e70300-dr003
Northampton; 2/5; 2/5; 2/5; 2/5; 2/5; 2/5; 2/5; 3/10; 2/5; 2/5; ; 2/5; 2/5; 4/11; 2/5; 4/11; 4/11; 2/5; 4/11; 2/5; 4/11; 21/50; 4/11; 2/5; 2/5; ; 2/5; 1/3; 
Draw; 17/4; 19/5; 15/4; 15/4; 4; ; 17/4; 7/2; 4; 15/4; 18/5; 7/2; 7/2; 18/5; 7/2; 4; 19/5; 15/4; 15/4; 7/2; 19/5; 41/10; 7/2; 15/4; 4; ; 7/2; 3; 
Stourbridge ; 15/2; 13/2; 7; 13/2; 7; 13/2; 13/2; 7; 13/2; 13/2; 13/2; 7; 13/2; 7; 13/2; 7; 13/2; 25/4; 29/4; 31/5; 13/2; 7; 31/5; 25/4; 7; ; 32/5; 7; 
META; english/fa-cup/stourbridge-v-northampton; 2016-12-13 11:45:44 GMT+2; 2016-12-13 19:45; e70300-dr003
Northampton; 2/5; 2/5; 2/5; 2/5; 2/5; 2/5; 2/5; 3/10; 2/5; 2/5; ; 2/5; 2/5; 4/11; 2/5; 4/11; 4/11; 2/5; 4/11; 2/5; 4/11; 21/50; 4/11; 2/5; 2/5; ; 2/5; 1/3; 
Draw; 17/4; 19/5; 15/4; 15/4; 4; ; 17/4; 7/2; 4; 15/4; 18/5; 7/2; 7/2; 18/5; 7/2; 4; 15/4; 15/4; 15/4; 7/2; 15/4; 41/10; 7/2; 15/4; 4; ; 7/2; 10/3; 
Stourbridge ; 15/2; 13/2; 7; 13/2; 7; 13/2; 13/2; 7; 13/2; 13/2; 13/2; 7; 13/2; 15/2; 13/2; 7; 13/2; 25/4; 29/4; 31/5; 13/2; 7; 31/5; 25/4; 7; ; 34/5; 7; 
META; english/fa-cup/stourbridge-v-northampton; 2016-12-13 12:23:07 GMT+2; 2016-12-13 19:45; e70300-dr003
Northampton; 2/5; 2/5; 2/5; 2/5; 2/5; 2/5; 2/5; 3/10; 2/5; 2/5; ; 2/5; 2/5; 4/11; 2/5; 4/11; 4/11; 2/5; 4/11; 2/5; 4/11; 21/50; 4/11; 2/5; 2/5; ; 2/5; 1/3; 
Draw; 17/4; 19/5; 15/4; 15/4; 4; ; 17/4; 7/2; 4; 15/4; 18/5; 7/2; 7/2; 18/5; 7/2; 4; 15/4; 15/4; 15/4; 7/2; 15/4; 41/10; 7/2; 15/4; 4; ; 7/2; 7/2; 
Stourbridge ; 15/2; 13/2; 7; 13/2; 7; 13/2; 13/2; 7; 13/2; 13/2; 13/2; 7; 13/2; 15/2; 13/2; 7; 13/2; 25/4; 29/4; 31/5; 13/2; 7; 31/5; 25/4; 7; ; 34/5; 7; 
META; english/fa-cup/stourbridge-v-northampton; 2016-12-13 12:45:16 GMT+2; 2016-12-13 19:45; e70300-dr003
Northampton; 2/5; 2/5; 2/5; 2/5; 2/5; 2/5; 2/5; 3/10; 2/5; 4/11; ; 2/5; 2/5; 4/11; 4/11; 4/11; 6/17; 2/5; 4/11; 2/5; 6/17; 21/50; 4/11; 2/5; 2/5; ; 2/5; 1/3; 
Draw; 17/4; 19/5; 15/4; 15/4; 4; ; 17/4; 7/2; 4; 15/4; 18/5; 7/2; 7/2; 18/5; 4; 4; 50/13; 15/4; 15/4; 7/2; 50/13; 41/10; 7/2; 15/4; 4; ; 7/2; 7/2; 
Stourbridge ; 15/2; 13/2; 7; 13/2; 7; 13/2; 13/2; 7; 13/2; 13/2; 13/2; 7; 13/2; 15/2; 13/2; 7; 27/4; 25/4; 29/4; 31/5; 27/4; 7; 31/5; 25/4; 7; ; 34/5; 7; 
META; english/fa-cup/stourbridge-v-northampton; 2016-12-13 13:45:36 GMT+2; 2016-12-13 19:45; e70300-dr003
Northampton; 2/5; 2/5; 2/5; 2/5; 2/5; 2/5; 2/5; 3/10; 2/5; 4/11; ; 2/5; 2/5; 4/11; 4/11; 4/11; 6/17; 2/5; 4/11; 2/5; 6/17; 21/50; 4/11; 2/5; 2/5; ; 2/5; 1/3; 
Draw; 17/4; 19/5; 15/4; 15/4; 4; ; 17/4; 7/2; 4; 15/4; 18/5; 7/2; 7/2; 18/5; 4; 4; 50/13; 15/4; 15/4; 7/2; 50/13; 41/10; 7/2; 15/4; 4; ; 7/2; 7/2; 
Stourbridge ; 15/2; 13/2; 7; 13/2; 7; 13/2; 13/2; 7; 13/2; 13/2; 13/2; 7; 13/2; 15/2; 13/2; 7; 27/4; 25/4; 29/4; 31/5; 27/4; 7; 31/5; 25/4; 7; ; 7; 7; 
META; english/fa-cup/stourbridge-v-northampton; 2016-12-13 15:45:45 GMT+2; 2016-12-13 19:45; e70300-dr003
Northampton; 2/5; 2/5; 2/5; 2/5; 2/5; 17/40; 2/5; 3/10; 2/5; 2/5; ; 2/5; 2/5; 2/5; 4/9; 4/11; 7/19; 2/5; 4/11; 2/5; 7/19; 21/50; 2/5; 2/5; 2/5; ; 2/5; 4/11; 
Draw; 17/4; 19/5; 18/5; 7/2; 4; 19/5; 17/4; 7/2; 4; 15/4; 7/2; 7/2; 7/2; 7/2; 7/2; 4; 15/4; 15/4; 15/4; 7/2; 15/4; 41/10; 7/2; 15/4; 15/4; ; 7/2; 3; 
Stourbridge ; 15/2; 13/2; 13/2; 13/2; 7; 13/2; 13/2; 7; 13/2; 6; 6; 7; 13/2; 7; 11/2; 7; 25/4; 25/4; 29/4; 31/5; 25/4; 7; 28/5; 25/4; 13/2; ; 32/5; 7; 
META; english/fa-cup/stourbridge-v-northampton; 2016-12-13 16:24:35 GMT+2; 2016-12-13 19:45; e70300-dr003
Northampton; 4/9; 2/5; 2/5; 2/5; 2/5; 17/40; 2/5; 3/10; 2/5; 2/5; ; 2/5; 2/5; 2/5; 4/9; 2/5; 3/8; 2/5; 4/11; 2/5; 3/8; 4/9; 2/5; 2/5; 4/9; ; 4/9; 2/5; 
Draw; 15/4; 19/5; 18/5; 7/2; 4; 19/5; 4; 7/2; 19/5; 15/4; 7/2; 7/2; 7/2; 18/5; 7/2; 7/2; 37/10; 15/4; 15/4; 7/2; 37/10; 79/20; 7/2; 15/4; 15/4; ; 7/2; 3; 
Stourbridge ; 7; 13/2; 13/2; 13/2; 7; 6; 13/2; 7; 6; 6; 13/2; 7; 6; 7; 11/2; 13/2; 25/4; 25/4; 27/4; 31/5; 25/4; 33/5; 28/5; 25/4; 13/2; ; 34/5; 32/5; 
META; english/fa-cup/stourbridge-v-northampton; 2016-12-13 17:45:40 GMT+2; 2016-12-13 19:45; e70300-dr003
Northampton; 4/9; 2/5; 2/5; 2/5; 2/5; 17/40; 2/5; 3/10; 2/5; 2/5; ; 2/5; 2/5; 4/11; 4/9; 2/5; 3/8; 2/5; 4/11; 2/5; 3/8; 4/9; 2/5; 2/5; 2/5; ; 4/9; 2/5; 
Draw; 15/4; 19/5; 18/5; 7/2; 4; 19/5; 4; 7/2; 19/5; 15/4; 7/2; 7/2; 7/2; 18/5; 7/2; 7/2; 37/10; 15/4; 15/4; 7/2; 37/10; 79/20; 7/2; 15/4; 15/4; ; 7/2; 3; 
Stourbridge ; 7; 13/2; 13/2; 13/2; 7; 13/2; 13/2; 7; 6; 6; 13/2; 7; 6; 7; 11/2; 7; 25/4; 25/4; 27/4; 31/5; 25/4; 33/5; 28/5; 25/4; 13/2; ; 32/5; 31/5; 
META; english/fa-cup/stourbridge-v-northampton; 2016-12-13 18:30:45 GMT+2; 2016-12-13 19:45; e70300-dr003
Northampton; 4/9; 2/5; 2/5; 2/5; 2/5; 17/40; 2/5; 3/10; 2/5; 2/5; ; 2/5; 2/5; 2/5; 4/9; 2/5; 3/8; 2/5; 4/11; 2/5; 3/8; 4/9; 2/5; 2/5; 2/5; ; 4/9; 2/5; 
Draw; 15/4; 19/5; 18/5; 7/2; 4; 19/5; 4; 7/2; 19/5; 15/4; 7/2; 7/2; 7/2; 18/5; 7/2; 7/2; 37/10; 15/4; 15/4; 7/2; 37/10; 79/20; 7/2; 15/4; 15/4; ; 7/2; 3; 
Stourbridge ; 7; 13/2; 13/2; 13/2; 7; 13/2; 13/2; 7; 6; 6; 13/2; 7; 6; 7; 11/2; 7; 25/4; 25/4; 27/4; 31/5; 25/4; 33/5; 28/5; 25/4; 13/2; ; 31/5; 31/5; 
META; english/fa-cup/stourbridge-v-northampton; 2016-12-13 19:45:41 GMT+2; 2016-12-13 19:45; e70300-dr003
Northampton; 4/9; 2/5; 2/5; 2/5; 2/5; 17/40; 2/5; 3/10; 2/5; 2/5; ; 2/5; 2/5; 4/11; 4/9; 2/5; 3/8; 2/5; 4/11; 2/5; 3/8; 9/20; 2/5; 2/5; 2/5; ; 2/5; ; 
Draw; 15/4; 19/5; 18/5; 7/2; 4; 19/5; 4; 7/2; 19/5; 15/4; 7/2; 7/2; 7/2; 18/5; 7/2; 7/2; 37/10; 15/4; 15/4; 7/2; 37/10; 79/20; 7/2; 15/4; 15/4; ; 4; ; 
Stourbridge ; 7; 13/2; 13/2; 13/2; 7; 13/2; 13/2; 7; 6; 6; 13/2; 7; 6; 7; 11/2; 7; 25/4; 25/4; 27/4; 31/5; 25/4; 13/2; 28/5; 25/4; 13/2; ; 33/5; ; 
META; english/fa-cup/stourbridge-v-northampton; 2016-12-13 20:24:54 GMT+2; 2016-12-13 19:45; e70300-dr003
Northampton; 4/9; 2/5; 2/5; 2/5; 2/5; 17/40; 2/5; 3/10; 2/5; 2/5; ; 2/5; 2/5; 4/11; 4/9; 2/5; 7/19; 2/5; 4/11; 2/5; 7/19; 9/20; 2/5; 2/5; 2/5; ; 2/5; ; 
Draw; 15/4; 19/5; 18/5; 7/2; 4; 19/5; 4; 7/2; 19/5; 15/4; 7/2; 7/2; 7/2; 18/5; 7/2; 7/2; 37/10; 15/4; 15/4; 7/2; 37/10; 4; 7/2; 15/4; 15/4; ; 7/2; ; 
Stourbridge ; 7; 13/2; 13/2; 13/2; 7; 13/2; 13/2; 7; 6; 6; 13/2; 7; 6; 7; 11/2; 7; 25/4; 25/4; 27/4; 31/5; 25/4; 32/5; 28/5; 25/4; 13/2; ; 32/5; ; 
