META; english/championship/derby-v-bolton; 2018-04-03 18:19:22 GMT+3; 2018-04-07 15:00; e70300-dr003
Derby; 1/2; 8/15; 8/15; 11/20; 14/25; 1/2; 8/15; 4/9; 6/11; 8/15; 1/2; 8/15; 11/20; 1/2; 8/15; 8/15; 8/15; 8/15; 6/11; 8/15; 8/15; 8/15; 1/2; 8/15
Draw; 14/5; 3; 29/10; 3; 63/20; 3; 3; 29/10; 3; 14/5; 29/10; 3; 56/19; 11/4; 3; 56/19; 3; 59/20; 56/19; 13/5; 3; ; ; 
Bolton; 13/2; 11/2; 11/2; 5; 31/5; 6; 11/2; 11/2; 24/5; 11/2; 6; 11/2; 11/2; 5; 23/4; 11/2; 9/2; 19/4; 11/2; 11/2; 29/5; 24/5; 6; 
META; english/championship/derby-v-bolton; 2018-04-04 08:18:31 GMT+3; 2018-04-07 15:00; e70300-dr003
Derby; 1/2; 8/15; 8/15; 11/20; 14/25; 11/20; 8/15; 1/2; 6/11; 8/15; 1/2; 8/15; 11/20; 1/2; 8/15; 8/15; 8/15; 8/15; 6/11; 8/15; 8/15; 8/15; 1/2; 8/15
Draw; 14/5; 3; 29/10; 3; 63/20; 31/10; 3; 3; 29/10; 3; 14/5; 29/10; 3; 56/19; 11/4; 3; 56/19; 3; 59/20; 56/19; 13/5; 3; ; 
Bolton; 13/2; 11/2; 11/2; 5; 31/5; 11/2; 11/2; 5; 24/5; 11/2; 6; 11/2; 11/2; 5; 23/4; 11/2; 9/2; 19/4; 11/2; 11/2; 29/5; 24/5; 6; 
META; english/championship/derby-v-bolton; 2018-04-04 18:19:52 GMT+3; 2018-04-07 15:00; e70300-dr003
Derby; 1/2; 8/15; 8/15; 11/20; 57/00; 11/20; 8/15; 1/2; 6/11; 8/15; 1/2; 8/15; 4/7; 1/2; 8/15; 8/15; 8/15; 8/15; 6/11; 11/20; 8/15; 8/15; 1/2; 8/15; 8/15
Draw; 14/5; 3; 29/10; 3; 63/20; 31/10; 3; 3; 29/10; 3; 14/5; 29/10; 3; 56/19; 11/4; 3; 56/19; 3; 59/20; 56/19; 14/5; 3; ; ; 
Bolton; 13/2; 5; 11/2; 5; 11/2; 11/2; 5; 24/5; 11/2; 6; 11/2; 11/2; 5; 96/17; 11/2; 9/2; 19/4; 11/2; 6; 57/10; 24/5; 29/5; 29/5; ; 
META; english/championship/derby-v-bolton; 2018-04-05 13:13:25 GMT+3; 2018-04-07 15:00; e70300-dr003
Derby; 1/2; 4/7; 8/15; 11/20; 57/100; 11/20; 8/15; 1/2; 6/11; 4/7; 1/2; 8/15; 4/7; 4/7; 1/2; 8/15; 8/15; 8/15; 8/15; 6/11; 11/20; 8/15; 8/15; 8/15
Draw; 14/5; 29/10; 29/10; 3; 63/20; 16/5; 3; 3; 29/10; 3; 14/5; 3; 29/10; 3; 56/19; 11/4; 3; 56/19; 3; 14/5; 3; ; ; 
Bolton; 13/2; 5; 11/2; 5; 11/2; 11/2; 5; 24/5; 11/2; 6; 11/2; 5; 11/2; 5; 61/11; 11/2; 9/2; 19/4; 11/2; 28/5; 24/5; 6; 29/5; 
META; english/championship/derby-v-bolton; 2018-04-06 08:18:46 GMT+3; 2018-04-07 15:00; e70300-dr003
Derby; 4/7; 4/7; 8/15; 11/20; 4/7; 11/20; 8/15; 1/2; 8/15; 4/7; 4/7; 4/7; 4/7; 4/7; 1/2; 4/7; 5/9; 8/15; 4/7; 1/2; 4/7; 5/9; 8/15; 4/7; 4/7
Draw; 3; 29/10; 29/10; 3; 31/10; 16/5; 29/10; 3; 29/10; 3; 14/5; 3; 29/10; 3; 14/5; 56/19; 11/4; 3; 3; 56/19; 13/5; 3; ; ; 
Bolton; 6; 11/2; 5; 61/10; 11/2; 11/2; 5; 23/4; 11/2; 11/2; 5; 11/2; 5; 11/2; 11/2; 11/2; 51/10; 23/4; 11/2; 61/11; 5; 29/5; ; ; 
META; english/championship/derby-v-bolton; 2018-04-06 09:15:54 GMT+3; 2018-04-07 15:00; e70300-dr003
Derby; 4/7; 4/7; 8/15; 11/20; 4/7; 11/20; 8/15; 1/2; 8/15; 4/7; 4/7; 4/7; 4/7; 4/7; 1/2; 4/7; 5/9; 8/15; 4/7; 1/2; 4/7; 5/9; 8/15; 4/7; 4/7
Draw; 3; 29/10; 29/10; 3; 31/10; 16/5; 29/10; 3; 29/10; 3; 14/5; 3; 29/10; 3; 14/5; 56/19; 11/4; 3; 3; 56/19; 13/5; 3; ; ; 
Bolton; 6; 11/2; 5; 61/10; 11/2; 11/2; 5; 23/4; 11/2; 11/2; 5; 11/2; 5; 11/2; 11/2; 11/2; 51/10; 23/4; 11/2; 61/11; 5; 29/5; ; ; 
META; english/championship/derby-v-bolton; 2018-04-06 16:26:38 GMT+3; 2018-04-07 15:00; e70300-dr003
Derby; 4/7; 4/7; 4/7; 4/7; 3/5; 4/7; 4/7; 8/15; 7/12; 4/7; 4/7; 6/10; 4/7; 6/10; 3/5; 4/7; 4/7; 8/15; 4/7; 4/7; 8/13; 4/7; 4/7; 4/7; 4/7
Draw; 3; 29/10; 11/4; 14/5; 74/25; 29/10; 29/10; 11/4; 37/13; 14/5; 3; 14/5; 14/5; 14/5; 13/5; 14/5; 37/13; 11/4; 3; 14/5; 3; 37/13; 14/5; 14/5; 14/5
Bolton; 6; 11/2; 5; 11/2; 11/2; 5; 21/4; 11/2; 11/2; 9/2; 5; 9/2; 5; 60/11; 11/2; 26/5; 21/4; 11/2; 11/2; 5; 29/5; 29/5; ; ; 
META; english/championship/derby-v-bolton; 2018-04-07 12:19:47 GMT+3; 2018-04-07 15:00; e70300-dr003
Derby; 8/13; 8/13; 8/13; 8/13; 31/50; 6/10; 3/5; 8/15; 7/12; 8/13; 4/7; 8/13; 8/13; 8/13; 4/7; 8/13; 11/18; 3/5; 8/13; 4/7; 8/13; 11/18; 4/7; 4/7; 4/7
Draw; 29/10; 13/5; 11/4; 14/5; 29/10; 29/10; 14/5; 11/4; 37/13; 11/4; 3; 14/5; 13/5; 27/10; 13/5; 14/5; 27/10; 11/4; 14/5; 14/5; 3; 11/4; 14/5; 14/5; 14/5
Bolton; 11/2; 5; 11/2; 9/2; 29/5; 11/2; 11/2; 5; 21/4; 11/2; 11/2; 9/2; 5; 5; 51/10; 21/4; 24/5; 21/4; 11/2; 67/13; 28/5; 11/2; 29/5; ; 
META; english/championship/derby-v-bolton; 2018-04-07 13:22:34 GMT+3; 2018-04-07 15:00; e70300-dr003
Derby; 8/13; 8/13; 8/13; 8/13; 16/25; 6/10; 3/5; 8/15; 7/12; 8/13; 8/13; 8/13; 8/13; 8/13; 8/13; 8/13; 11/18; 3/5; 8/13; 4/7; 8/13; 11/18; 4/7; 8/13; 8/13
Draw; 29/10; 13/5; 27/10; 14/5; 143/50; 29/10; 11/4; 11/4; 37/13; 11/4; 11/4; 14/5; 13/5; 27/10; 13/5; 11/4; 11/4; 11/4; 14/5; 14/5; 29/10; 11/4; 14/5; 14/5; 14/5
Bolton; 11/2; 5; 11/2; 9/2; 28/5; 11/2; 5; 21/4; 11/2; 11/2; 9/2; 5; 9/2; 5; 51/10; 21/4; 24/5; 21/4; 11/2; 67/13; 28/5; 28/5; 28/5; ; 
