META; spain/la-liga-primera/granada-v-valencia; 2017-03-26 00:24:28 GMT+2; 2017-04-03 18:45; e70300-dr003
Inter; 4/11; 4/11; 2/5; 4/11; ; 4/11; 4/11; 1/3; 2/5; 4/11; 4/11; 2/5; 4/11; 4/11; 2/5; 4/11; 1/3; 10/29; 1/3; 1/3; 19/50; 4/11; 10/29; 4/11; 6/17; ; 3/10; ; 
Draw; 4; 4; 19/5; 4; ; 17/4; 4; 4; 17/4; 15/4; 15/4; 15/4; 4; 15/4; 17/4; 4; 41/10; 4; 4; 41/10; 43/10; 39/10; 4; 4; 4; ; 7/2; ; 
Sampdoria; 13/2; 7; 13/2; 13/2; ; 7; 8; 13/2; 6; 13/2; 6; 13/2; 7; 7; 6; 7; 27/4; 7; 15/2; 27/4; 44/5; 6; 15/2; 13/2; 15/2; ; 31/5; ; 
META; spain/la-liga-primera/granada-v-valencia; 2017-03-30 00:24:18 GMT+3; 2017-04-09 11:00; e70300-dr003
Granada; ; ; 6/4; ; ; ; ; ; ; ; ; ; ; ; ; ; ; 7/4; ; ; 33/20; ; ; ; ; ; 5/6; ; 
Valencia; ; ; 17/10; ; ; ; ; ; ; ; ; ; ; ; ; ; ; 17/11; ; ; 177/100; ; ; ; ; ; 4/5; ; 
Draw; ; ; 23/10; ; ; ; ; ; ; ; ; ; ; ; ; ; ; 11/5; ; ; 13/5; ; ; ; ; ; 6/4; ; 
META; spain/la-liga-primera/granada-v-valencia; 2017-04-02 04:19:46 GMT+3; ; e70300-dr003
Australia; 3; 3; ; ; 10/3; 7/2; 3; 12/5; ; 3; ; 11/4; 10/3; 3; 10/3; 3; 11/4; 3; 11/4; 11/4; 3; ; 11/4; ; ; ; 10/3; ; 
South Africa; 4; 4; ; ; 9/2; 9/2; 4; 7/2; ; 5; ; 5; 9/2; 4; 9/2; 4; 15/4; 4; 4; 15/4; 4; ; 4; ; ; ; 23/5; ; 
India; 9/2; 5; ; ; 5; 5; 5; 9/2; ; 5; ; 4; 9/2; 5; 5; 9/2; 9/2; 5; 9/2; 9/2; 5; ; 9/2; ; ; ; 11/2; ; 
England; 11/2; 9/2; ; ; 4; 4; 9/2; 11/2; ; 4; ; 9/2; 7/2; 5; 9/2; 5; 6; 11/2; 5; 6; 5; ; 5; ; ; ; 7/2; ; 
New Zealand; 6; 7; ; ; 7; 9; 7; 6; ; 7; ; 7; 8; 6; 6; 8; 13/2; 7; 13/2; 13/2; 7; ; 13/2; ; ; ; 38/5; ; 
Pakistan; 10; 10; ; ; 12; 11; 9; 12; ; 10; ; 12; 10; 10; 14; 12; 9; 10; 10; 9; 12; ; 10; ; ; ; 69/5; ; 
Sri Lanka; 10; 10; ; ; 12; 18; 12; 12; ; 10; ; 12; 14; 10; 12; 12; 11; 11; 10; 11; 12; ; 10; ; ; ; 59/5; ; 
West Indies; 12; 14; ; ; 10; 14; 12; 20; ; 16; ; 14; 14; 8; 12; 14; 12; 12; 14; 12; 16; ; 14; ; ; ; 19/2; ; 
Bangladesh; 50; 66; ; ; 50; 66; 66; 66; ; 50; ; 33; 50; 40; 50; 50; 55; 50; 50; 55; 66; ; 50; ; ; ; 33; ; 
Zimbabwe; 100; 250; ; ; 250; 250; 200; 150; ; 100; ; 250; 150; 100; 200; 250; 110; 100; 150; 110; 200; ; 150; ; ; ; 85; ; 
Ireland; 100; 250; ; ; 250; 250; 200; 375; ; 100; ; 250; 250; 100; 200; 250; 110; 200; 200; 110; 200; ; 200; ; ; ; 85; ; 
Afghanistan; 500; 250; ; ; 500; ; 500; 500; ; ; ; 500; 500; 500; 500; 500; 500; ; ; 500; 500; ; ; ; ; ; 14/5; ; 
Scotland; 1000; 1000; ; ; 1000; ; 1000; 500; ; ; ; ; ; 1000; 1000; 1000; 1000; ; ; 1000; 1000; ; ; ; ; ; ; ; 
United Arab Emirates; 1000; 1000; ; ; 1000; ; 1000; 500; ; ; ; ; ; 1000; 1000; 1000; 1000; ; ; 1000; 1000; ; ; ; ; ; ; ; 
Canada; 5000; ; ; ; ; ; ; ; ; ; ; ; ; ; ; 1000; 27005; ; ; 27005; ; ; ; ; ; ; ; ; 
Netherlands; 2000; 1000; ; ; ; ; 5000; 500; ; ; ; ; ; 1000; 1000; 1000; 210075; ; ; 210075; 1000; ; ; ; ; ; ; ; 
Papua New Guinea; 2000; ; ; ; ; ; 5000; ; ; ; ; ; ; ; ; 1000; 2500; ; ; 2500; 1000; ; ; ; ; ; ; ; 
USA; 5000; ; ; ; ; ; ; ; ; ; ; ; ; ; ; ; ; ; ; ; ; ; ; ; ; ; ; ; 
META; spain/la-liga-primera/granada-v-valencia; 2017-04-02 08:20:14 GMT+3; ; e70300-dr003
Tappara; ; ; ; ; ; ; ; ; ; ; ; ; ; ; ; ; ; ; ; ; 6/4; ; 2; ; ; ; ; ; 
TPS; ; ; ; ; ; ; ; ; ; ; ; ; ; ; ; ; ; ; ; ; 37/10; ; 17/4; ; ; ; ; ; 
KalPa; ; ; ; ; ; ; ; ; ; ; ; ; ; ; ; ; ; ; ; ; 22/5; ; 19/4; ; ; ; ; ; 
JYP; ; ; ; ; ; ; ; ; ; ; ; ; ; ; ; ; ; ; ; ; 39/10; ; 5; ; ; ; ; ; 
HIFK; ; ; ; ; ; ; ; ; ; ; ; ; ; ; ; ; ; ; ; ; 89/10; ; 17/2; ; ; ; ; ; 
HPK; ; ; ; ; ; ; ; ; ; ; ; ; ; ; ; ; ; ; ; ; 19/2; ; 23/2; ; ; ; ; ; 
Ilves; ; ; ; ; ; ; ; ; ; ; ; ; ; ; ; ; ; ; ; ; 13; ; 17; ; ; ; ; ; 
Pelicans; ; ; ; ; ; ; ; ; ; ; ; ; ; ; ; ; ; ; ; ; 50; ; 40; ; ; ; ; ; 
META; spain/la-liga-primera/granada-v-valencia; 2017-04-02 20:18:10 GMT+3; 2017-04-01 17:30; e70300-dr003
Southampton; 13/20; 4/6; 4/6; 4/6; 8/13; 4/6; 13/20; 8/13; 8/13; 13/20; 4/6; 4/6; 13/20; 4/6; 13/20; 4/6; 11/17; 8/13; 4/7; 8/13; 13/20; 11/17; 7/11; 4/6; 4/6; ; ; 4/6; 4/6
Draw; 31/10; 3; 31/10; 14/5; 10/3; 3; 31/10; 3; 3; 14/5; 3; 3; 3; 16/5; 3; 29/10; 3; 29/10; 3; 3; 16/5; 29/10; 3; 3; 31/10; ; ; 3; 3
Bournemouth; 19/4; 17/4; 9/2; 9/2; 9/2; 9/2; 19/4; 9/2; 17/4; 17/4; 9/2; 9/2; 17/4; 9/2; 19/4; 9/2; 22/5; 19/4; 22/5; 50/11; 47/10; 9/2; 22/5; 17/4; 9/2; ; ; 9/2; 23/5
META; spain/la-liga-primera/granada-v-valencia; 2017-04-03 00:17:11 GMT+3; 2017-04-01 17:00; e70300-dr003
Ciro Immobile; 4/5; 5/4; 5/4; 19/20; 21/20; ; 5/6; 8/11; 5/6; 5/4; 5/4; ; 21/20; 5/4; 9/10; 19/20; 13/10; ; 5/4; ; ; ; 23/18; ; 23/18; ; ; ; 
Filip Djordjevic; 7/5; 7/4; 7/4; 29/20; 6/4; ; 5/4; ; 13/10; 7/4; 7/4; ; 27/20; 7/4; 6/5; 11/8; ; ; ; ; ; ; ; ; ; ; ; ; 
Keita; 8/5; 13/8; 13/8; 13/10; 8/5; ; 6/4; 13/10; 8/5; 13/8; 13/8; ; 27/20; 13/8; 6/5; 16/11; 9/5; ; 19/10; ; ; ; 19/10; ; 19/10; ; ; ; 
Alessandro Rossi; ; 2; 2; 7/4; ; ; ; 13/10; 7/4; 2; 2; ; 17/10; 2; 7/4; ; ; ; ; ; ; ; ; ; ; ; ; ; 
Alessandro Murgia; ; 2; 21/10; 19/10; 19/10; ; 19/10; 6/4; 15/8; 21/10; 21/10; ; 37/20; 21/10; 7/4; 7/4; ; ; ; ; ; ; ; ; ; ; ; ; 
Felipe Anderson; 2; 15/8; 19/10; 13/8; 19/10; ; 19/10; 6/4; ; 19/10; 19/10; ; 17/10; 19/10; 6/4; 7/4; 21/10; ; 21/10; ; ; ; 21/10; ; 21/10; ; ; ; 
Domenico Berardi; 7/4; 9/4; 23/10; 2; 21/10; ; 19/10; 13/10; 15/8; 23/10; 23/10; ; ; 23/10; 2; 9/5; 28/13; ; 11/5; ; ; ; 11/5; ; 11/5; ; ; ; 
Mamadou Tounkara; ; 9/4; 23/10; 21/10; 21/10; ; 19/10; 6/4; 2; 23/10; 23/10; ; 2; 23/10; 2; 15/8; 37/19; ; 19/10; ; ; ; 19/10; ; 19/10; ; ; ; 
Cristiano Lombardi; 12/5; 7/4; 7/4; 29/20; 19/10; ; 13/10; 13/10; 9/4; 7/4; 7/4; ; 31/20; 7/4; 6/4; 7/4; 23/10; ; 12/5; ; ; ; 12/5; ; 12/5; ; ; ; 
Gregoire Defrel; 11/5; 9/4; 23/10; 2; 23/10; ; 21/10; 9/4; 5/2; 23/10; 23/10; ; 11/5; 23/10; 2; 11/5; 45/17; ; 13/5; ; ; ; 45/17; ; 45/17; ; ; ; 
Alessandro Matri; 11/5; 5/2; 13/5; 23/10; 13/5; ; 9/4; 9/4; 5/2; 13/5; 13/5; ; 49/20; 13/5; 13/5; 9/4; 27/10; ; 14/5; ; ; ; 37/13; ; 37/13; ; ; ; 
Antonino Ragusa; 3; 11/4; 14/5; 13/5; 11/4; ; 27/10; 9/4; 13/5; 14/5; 14/5; ; 13/5; 14/5; 3; 5/2; 14/5; ; 14/5; 14/5; ; ; 37/13; ; 37/13; ; ; ; 
Pietro Iemmello; 3; 11/4; 14/5; 13/5; 3; ; 27/10; ; 13/5; 14/5; 14/5; ; 13/5; 14/5; 3; 27/10; 31/10; ; 3; ; ; ; 31/10; ; 31/10; ; ; ; 
Sergej Milinkovic-Savic; 3; 15/8; 19/10; 13/8; 23/10; ; 13/8; 9/4; 11/4; 19/10; 19/10; ; 17/10; 19/10; ; 11/5; 16/5; ; 3; ; ; ; 16/5; ; 16/5; ; ; ; 
Luis Alberto; 10/3; 5/2; 13/5; 12/5; ; ; 3; 11/4; ; 13/5; 13/5; ; ; 13/5; 13/5; ; 28/13; ; 21/10; 28/13; ; ; 21/10; ; 21/10; ; ; ; 
Federico Ricci; 10/3; 10/3; 10/3; 14/5; 7/2; ; 3; 11/4; 7/2; 10/3; 10/3; ; 16/5; 10/3; 7/2; 31/10; 43/10; ; 21/5; ; ; ; 17/4; ; 17/4; ; ; ; 
Marco Parolo; 12/5; 2; 21/10; 19/10; 23/10; ; 21/10; 16/5; 10/3; 21/10; 21/10; ; 11/5; 21/10; 2; 2; 23/5; ; 9/2; ; ; ; 9/2; ; 9/2; ; ; ; 
Matteo Politano; 11/4; 3; 3; 14/5; 16/5; ; 3; 15/8; 9/2; 3; 3; ; 16/5; 3; 7/2; 14/5; 23/5; ; 24/5; ; ; ; 24/5; ; 24/5; ; ; ; 
Senad Lulic; 5; 5/2; 13/5; 12/5; 13/5; ; 9/4; 9/4; 10/3; 13/5; 13/5; ; 47/20; 13/5; 13/5; 23/10; 14/5; ; 11/4; ; ; ; 11/4; ; 11/4; ; ; ; 
Nicholas Pierini; 11/2; ; ; ; ; ; ; ; 21/4; ; ; ; ; ; ; ; ; ; ; ; ; ; ; ; ; ; ; ; 
Lucas Biglia; 12/5; 2; 2; 7/4; 21/10; ; 21/10; 11/2; 7/2; 2; 2; ; 9/2; 2; 7/4; 15/8; 13/2; ; 13/2; ; ; ; 13/2; ; 13/2; ; ; ; 
Simone Missiroli; 13/2; 4; 4; 4; 5; ; 11/2; 9/2; 6; 4; 4; ; 9/2; 4; 11/2; 9/2; 23/4; ; 6; ; ; ; 6; ; 6; ; ; ; 
Davide Biondini; ; ; ; ; ; ; ; 15/2; ; ; ; ; ; ; ; ; ; ; ; ; ; ; ; ; ; ; ; ; 
Patric; ; ; ; ; 15/2; ; 15/2; 16/5; ; ; ; ; ; ; ; 7; ; ; ; ; ; ; ; ; ; ; ; ; 
Bastos; 17/2; ; ; ; ; ; ; 13/2; ; ; ; ; ; ; ; ; ; ; ; ; ; ; ; ; ; ; ; ; 
Claud Adjapong; 3; 3; 3; 14/5; 10/3; ; 3; 17/2; 7/2; 3; 3; ; 16/5; 3; 7/2; 3; 43/10; ; 21/5; ; ; ; 17/4; ; 17/4; ; ; ; 
Stefano Sensi; 17/2; 10/3; 10/3; 14/5; 4; ; 16/5; 11/2; 6; 10/3; 10/3; ; 16/5; 10/3; 4; 7/2; 25/4; ; 13/2; ; ; ; 13/2; ; 13/2; ; ; ; 
Lorenzo Pellegrini; 10/3; 11/4; 14/5; 13/5; 10/3; ; 3; 11/2; 19/5; 14/5; 14/5; ; 14/5; 14/5; 7/2; 3; 19/2; ; 19/2; 19/2; ; ; 19/2; ; 19/2; ; ; ; 
Alfred Duncan; 13/2; 17/2; 17/2; 10; 9; ; 17/2; 9; 9; 9; 17/2; ; 9; 17/2; 9; 8; 9; ; 9; 9; ; ; 9; ; 9; ; ; ; 
Luca Mazzitelli; 17/2; 11/2; 11/2; 6; 7; ; 15/2; 11/2; 17/2; 11/2; 11/2; ; 6; 11/2; 15/2; 6; 10; ; 10; ; ; ; 10; ; 10; ; ; ; 
Dusan Basta; 17/2; 15/2; 15/2; 8; 9; ; 17/2; 17/2; 10; 15/2; 15/2; ; 8; 15/2; 9; 8; 21/2; ; 11; 21/2; ; ; 11; ; 11; ; ; ; 
Francesco Magnanelli; ; ; ; ; ; ; ; 11; ; ; ; ; ; ; ; ; ; ; ; ; ; ; ; ; ; ; ; ; 
Jordan Lukaku; 17/2; 11; 11; 11; 10; ; 9; 13/2; ; 11; 11; ; 9; 11; 11; 17/2; 9; ; 9; ; ; ; 9; ; 9; ; ; ; 
No Goalscorer; ; ; 11; ; 11; ; 19/2; ; ; 10; 11; ; ; ; ; 9; 10; ; ; ; ; ; ; ; ; ; ; ; 
Wallace; ; 13/2; 13/2; 8; 8; ; 15/2; 17/2; ; 13/2; 13/2; ; ; 13/2; 8; 7; 21/2; ; 11; ; ; ; 11; ; 11; ; ; ; 
Alberto Aquilani; 11/2; 9/2; 9/2; 9/2; 11/2; ; 11/2; 9/2; 7; 9/2; 9/2; ; ; 9/2; 11/2; 5; 23/2; ; 23/2; 23/2; ; ; 23/2; ; 23/2; ; ; ; 
Stefan de Vrij; 17/2; 15/2; 15/2; 8; 9; ; 17/2; 17/2; 10; 15/2; 15/2; ; 8; 15/2; 9; 8; 23/2; ; 12; ; ; ; 12; ; 12; ; ; ; 
Wesley Hoedt; 10; 9/2; 9/2; 5; 7; ; 17/2; 9; 7; 9/2; 9/2; ; 6; 9/2; 15/2; 13/2; 12; ; 12; 12; ; ; 12; ; 12; ; ; ; 
Luca Antei; 14; 11; 11; 10; 12; ; 12; 11; 12; 11; 11; ; 9; 11; 11; 11; ; ; ; ; ; ; ; ; ; ; ; ; 
Stefan Radu; 17/2; 8; 8; 11; 10; ; 9; 11; 9; 8; 8; ; 9; 8; 9; 9; 14; ; 14; ; ; ; 14; ; 14; ; ; ; 
Francesco Acerbi; 10; 6; 6; 6; 17/2; ; 17/2; 13; 9; 6; 6; ; 7; 6; 8; 15/2; 18; ; 18; ; ; ; 18; ; 18; ; ; ; 
Luca Crecco; ; 18; 18; 16; ; ; ; ; 14; 18; 18; ; 14; 18; 16; ; ; ; ; ; ; ; ; ; ; ; ; ; 
Federico Peluso; 14; 18; 18; 16; 18; ; 13; 11; 18; 18; 18; ; 14; 18; 16; 14; 20; ; 20; 20; ; ; 20; ; 20; ; ; ; 
Paolo Cannavaro; 14; 12; 12; 12; 14; ; 12; 13; 16; 12; 12; ; 14; 12; 11; 12; 19; ; 20; ; ; ; 20; ; 20; ; ; ; 
Timo Letschert; 14; 9; 9; 10; 12; ; 12; 13; 11; 9; 9; ; 9; 9; 11; 11; 20; ; 20; 20; ; ; 20; ; 20; ; ; ; 
Cristian DellOrco; 12; 14; 14; 16; 16; ; 13; 13; 18; 14; 14; ; 16; 14; 16; 14; 23; ; 23; 23; ; ; 23; ; 23; ; ; ; 
Pol Lirola; 10; 7; 7; 15/2; 17/2; ; 17/2; 9; ; 7; 7; ; 8; 7; 9; 15/2; 45/2; ; 23; ; ; ; 23; ; 23; ; ; ; 
Marcello Gazzola; 14; 28; 28; 33; 22; ; 28; 13; 20; 28; 28; ; 16; 28; 20; 18; 20; ; 20; ; ; ; 20; ; 20; ; ; ; 
META; spain/la-liga-primera/granada-v-valencia; 2017-04-03 08:16:49 GMT+3; 2017-04-01 15:00; e70300-dr003
Draw 1-1; 5; 11/2; ; 6; 11/2; 19/4; 6; 11/2; 5; 11/2; 5; 5; ; ; 11/2; 11/2; 25/4; 11/2; 6; ; ; 49/10; 6; 5; 6; ; 6; ; 
AaB 1-0; 15/2; 15/2; ; 15/2; 7; 13/2; 15/2; 15/2; 7; 15/2; 7; 7; ; ; 7; 7; 31/4; 7; 17/2; ; ; 15/2; 17/2; 7; 17/2; ; 17/2; ; 
AaB 2-1; 8; 8; ; 8; 15/2; 15/2; 8; 8; 8; 15/2; 15/2; 7; ; ; 8; 15/2; 17/2; 33/4; 17/2; ; ; 81/10; 17/2; 15/2; 17/2; ; 9; 39/5; 
Draw 0-0; 10; 9; ; 10; 9; 19/2; 17/2; 17/2; 10; 10; 10; 9; ; ; 10; 17/2; 33/4; 27/4; 9; ; ; 10; 9; ; 9; ; 59/5; ; 
Silkeborg 1-0; 10; 9; ; 9; 9; 9; 19/2; 9; 9; 9; 9; 9; ; ; 9; 17/2; 39/4; 35/4; 10; ; ; 10; 10; 9; 10; ; 59/5; ; 
Silkeborg 2-1; 11; 10; ; 10; 10; 10; 21/2; 10; 10; 10; 9; 9; ; ; 10; 9; 43/4; 21/2; 10; ; ; 11; 10; 9; 10; ; 62/5; ; 
AaB 2-0; 10; 10; ; 10; 10; 19/2; 21/2; 10; 9; 10; 10; 9; ; ; 9; 9; 41/4; 10; 23/2; ; ; 10; 23/2; 10; 23/2; ; 57/5; ; 
Draw 2-2; 12; 12; ; 14; 11; 10; 12; 12; 11; 11; 11; 10; ; ; 10; 11; 14; 12; 12; ; ; 12; 12; 11; 12; ; 71/5; ; 
AaB 3-1; 16; 16; ; 16; 14; 12; 15; 16; 16; 14; 14; 14; ; ; 12; 14; 67/4; 16; 17; ; ; 16; 17; 15; 17; ; 19; ; 
Silkeborg 2-0; 16; 16; ; 16; 14; 12; 17; 16; 16; 16; 14; 14; ; ; 12; 14; 63/4; 31/2; 15; ; ; 17; 15; 16; 15; ; 20; ; 
AaB 3-0; 20; 20; ; 20; 20; 16; 21; 20; 20; 20; 20; 16; ; ; 18; 18; 79/4; 19; 20; ; ; 20; 20; 20; 20; ; 25; ; 
Silkeborg 3-1; 25; 25; ; 25; 22; 20; 25; 25; 25; 22; 22; 20; ; ; 22; 22; 97/4; 20; 22; ; ; 25; 22; 22; 22; ; 33; ; 
AaB 3-2; 25; 25; ; 25; 22; 20; 25; 22; 25; 22; 22; 18; ; ; 20; 22; 51/2; 25; 23; ; ; 25; 23; 22; 23; ; 29; 22; 
Any Other Score; ; ; ; ; ; ; ; 25; 33; ; ; ; ; ; ; ; ; 22; ; ; ; 25; ; 28; ; ; ; ; 
Silkeborg 3-2; 33; 28; ; 33; 28; 25; 30; 25; 33; 28; 28; 22; ; ; 22; 25; 61/2; 33; 28; ; ; 35; 28; 25; 28; ; 41; ; 
AaB 4-1; 40; 40; ; 40; 33; 28; 35; 40; 40; 33; 40; 28; ; ; 28; 33; 73/2; 40; 36; ; ; 40; 36; 33; 36; ; ; ; 
Silkeborg 3-0; 33; 33; ; 33; 33; 28; 35; 40; 40; 33; 33; 28; ; ; 28; 28; 131/4; 30; 31; ; ; 45; 31; 33; 31; ; 51; ; 
AaB 4-0; 40; 50; ; 50; 50; 40; 55; 55; 50; 40; 45; 33; ; ; 40; 40; 165/4; 50; 45; ; ; 50; 45; 40; 45; ; ; ; 
Draw 3-3; 40; 50; ; 66; 50; 40; 55; 50; 50; 40; 45; 33; ; ; 33; 40; 97/2; 50; 50; ; ; 50; 50; 40; 50; ; 66; 51; 
AaB 4-2; 50; 50; ; 66; 50; 50; 55; 60; 66; 50; 50; 33; ; ; 50; 50; 199/4; 66; 55; ; ; 60; 55; 40; 55; ; ; ; 
Silkeborg 4-1; 50; 66; ; 66; 66; 50; 70; 80; 80; 66; 60; 40; ; ; 50; 50; 109/2; 80; 55; ; ; 80; 55; 50; 55; ; ; ; 
AaB 5-1; 80; 100; ; 125; 100; 80; 110; 125; 100; 90; 90; 50; ; ; 80; 80; 143/2; ; 100; ; ; ; 100; 80; 100; ; ; ; 
Silkeborg 4-2; 66; 80; ; 80; 80; 66; 90; 90; 100; 75; 70; 40; ; ; 66; 66; 63; 125; 75; ; ; 110; 75; 50; 75; ; ; ; 
Silkeborg 4-0; 66; 80; ; 80; 80; 80; 100; 125; 100; 100; 80; 50; ; ; 80; 66; 68; 100; 75; ; ; 130; 75; 80; 75; ; ; ; 
AaB 5-0; 100; 100; ; 125; 100; 80; 110; 175; 100; 100; 100; 50; ; ; 80; 80; 153/2; ; 120; ; ; ; 120; 80; 120; ; ; ; 
AaB 5-2; 125; 125; ; 200; 125; 100; 150; 175; ; 125; ; 66; ; ; 100; 100; 85; ; 140; ; ; ; 140; ; 140; ; ; ; 
AaB 7-2; ; ; ; ; 200; ; ; ; ; ; ; ; ; ; ; ; ; ; ; ; ; ; ; ; ; ; ; ; 
Silkeborg 7-2; ; ; ; ; 200; ; ; ; ; ; ; ; ; ; ; ; ; ; ; ; ; ; ; ; ; ; ; ; 
AaB 4-3; 80; 100; ; 100; 100; 80; 110; 100; ; 90; ; 50; ; ; 80; 80; 311/4; 250; 110; ; ; 150; 110; ; 110; ; ; ; 
Silkeborg 4-3; 100; 125; ; 125; 100; 100; 110; 125; ; 100; ; 50; ; ; 100; 80; 165/2; 250; 130; ; ; 190; 130; ; 130; ; ; ; 
Draw 4-4; 200; ; ; 150; 150; 200; 175; 275; ; 175; ; 66; ; ; 200; 150; ; 250; 300; ; ; 200; 300; ; 300; ; ; ; 
AaB 5-3; 250; ; ; ; 200; 250; 225; 325; ; 200; ; 66; ; ; 200; 200; ; ; 325; ; ; ; 325; ; 325; ; ; ; 
Silkeborg 5-1; 150; 150; ; 200; 150; 200; 175; 325; 100; 175; 125; 66; ; ; 200; 125; 187/2; ; 180; ; ; ; 180; 100; 180; ; ; ; 
Silkeborg 5-2; 200; 250; ; 250; 200; 200; 225; 325; ; 200; ; 66; ; ; 200; 200; ; ; 225; ; ; ; 225; ; 225; ; ; ; 
AaB 6-2; 400; ; ; 300; 200; ; 225; ; ; 275; ; ; ; ; ; 200; ; ; ; ; ; ; ; ; ; ; ; ; 
AaB 6-3; ; ; ; ; 200; ; ; ; ; 400; ; ; ; ; ; ; ; ; ; ; ; ; ; ; ; ; ; ; 
AaB 10-0; ; ; ; ; 500; ; ; 500; ; ; ; ; ; ; ; ; ; ; ; ; ; ; ; ; ; ; ; ; 
AaB 5-4; ; ; ; ; 250; ; ; 500; ; 350; ; ; ; ; ; ; ; ; ; ; ; ; ; ; ; ; ; ; 
AaB 6-0; 300; 250; ; 300; 200; ; 225; 500; 100; 250; 150; ; ; ; ; 200; ; ; 375; ; ; ; 375; 100; 375; ; ; ; 
AaB 6-1; 250; ; ; 250; 200; 250; 225; 500; ; 225; ; 80; ; ; 250; 200; ; ; 300; ; ; ; 300; ; 300; ; ; ; 
AaB 7-0; ; ; ; 500; 250; ; 275; 500; ; 475; ; ; ; ; ; ; ; ; ; ; ; ; ; ; ; ; ; ; 
AaB 7-1; ; ; ; 500; 250; ; 275; 500; ; ; ; ; ; ; ; ; ; ; ; ; ; ; ; ; ; ; ; ; 
AaB 8-0; ; ; ; ; 200; ; ; 500; ; ; ; ; ; ; ; ; ; ; ; ; ; ; ; ; ; ; ; ; 
AaB 8-1; ; ; ; ; 250; ; ; 500; ; ; ; ; ; ; ; ; ; ; ; ; ; ; ; ; ; ; ; ; 
AaB 9-0; ; ; ; ; 500; ; ; 500; ; ; ; ; ; ; ; ; ; ; ; ; ; ; ; ; ; ; ; ; 
Silkeborg 10-0; ; ; ; ; 500; ; ; 500; ; ; ; ; ; ; ; ; ; ; ; ; ; ; ; ; ; ; ; ; 
Silkeborg 5-0; 200; 200; ; 250; 150; ; 175; 500; 100; 225; 150; 80; ; ; ; 150; ; ; 250; ; ; ; 250; 100; 250; ; ; ; 
Silkeborg 5-3; 400; ; ; ; 200; ; 225; 500; ; 275; ; 80; ; ; ; 250; ; ; ; ; ; ; ; ; ; ; ; ; 
Silkeborg 5-4; ; ; ; ; 250; ; ; 500; ; 400; ; ; ; ; ; ; ; ; ; ; ; ; ; ; ; ; ; ; 
Silkeborg 6-0; ; 250; ; 500; 200; ; 225; 500; 100; 475; 200; ; ; ; ; 200; ; ; ; ; ; ; ; 125; ; ; ; ; 
Silkeborg 6-1; ; ; ; 500; 250; ; 275; 500; ; 400; ; ; ; ; ; 250; ; ; ; ; ; ; ; ; ; ; ; ; 
Silkeborg 6-2; ; ; ; 500; 200; ; 225; ; ; 425; ; ; ; ; ; 200; ; ; ; ; ; ; ; ; ; ; ; ; 
Silkeborg 6-3; ; ; ; ; 200; ; ; ; ; 500; ; ; ; ; ; ; ; ; ; ; ; ; ; ; ; ; ; ; 
Silkeborg 7-0; ; ; ; ; 200; ; 225; 500; ; ; ; ; ; ; ; ; ; ; ; ; ; ; ; ; ; ; ; ; 
Silkeborg 7-1; ; ; ; ; 200; ; 225; 500; ; ; ; ; ; ; ; ; ; ; ; ; ; ; ; ; ; ; ; ; 
Silkeborg 8-0; ; ; ; ; 200; ; ; 500; ; ; ; ; ; ; ; ; ; ; ; ; ; ; ; ; ; ; ; ; 
Silkeborg 8-1; ; ; ; ; 250; ; ; 500; ; ; ; ; ; ; ; ; ; ; ; ; ; ; ; ; ; ; ; ; 
Silkeborg 9-0; ; ; ; ; 500; ; ; 500; ; ; ; ; ; ; ; ; ; ; ; ; ; ; ; ; ; ; ; ; 
META; spain/la-liga-primera/granada-v-valencia; 2017-04-05 11:25:56 GMT+3; 2017-04-05 19:45; e70300-dr003
Hull 1-0; 5; 5; 5; 11/2; 9/2; 19/4; 11/2; 5; 19/4; 9/2; 19/4; 5; 19/4; 24/5; 19/4; 5; 67/13; 19/4; 5; 67/13; ; 47/10; 51/10; 9/2; 51/10; ; ; 5; 11/2
Draw 1-1; 11/2; 9/2; 11/2; 11/2; 11/2; 5; 6; 11/2; 5; 5; 5; 5; 5; 11/2; 5; 5; 6; 11/2; 5; 6; ; 53/10; 51/10; 5; 51/10; ; ; 28/5; 28/5
Draw 0-0; 6; 7; 13/2; 7; 6; 6; 11/2; 7; 13/2; 6; 6; 6; 11/2; 13/2; 6; 6; 60/11; 11/2; 6; 60/11; ; 31/5; 6; ; 6; ; ; 34/5; 34/5
Hull 2-0; 8; 15/2; 8; 9; 15/2; 15/2; 17/2; 17/2; 7; 15/2; 15/2; 15/2; 15/2; 15/2; 7; 15/2; 8; 15/2; 15/2; 8; ; 73/10; 15/2; 7; 15/2; ; ; 17/2; 44/5
Hull 2-1; 9; 8; 9; 17/2; 8; 8; 17/2; 9; 8; 8; 8; 8; 8; 17/2; 8; 8; 19/2; 8; 8; 19/2; ; 9; 8; 17/2; 8; ; ; 46/5; 43/5
Middlesbrough 1-0; 9; 8; 9; 15/2; 17/2; 15/2; 19/2; 10; 8; 8; 8; 8; 8; 17/2; 15/2; 8; 33/4; 8; 17/2; 33/4; ; 42/5; 17/2; 15/2; 17/2; ; ; 48/5; 49/5
Middlesbrough 2-1; 16; 12; 14; 11; 12; 12; 14; 16; 12; 14; 14; 12; 12; 14; 12; 14; 29/2; 25/2; 13; 29/2; ; 15; 13; 14; 13; ; ; 35/2; 74/5
Hull 3-0; 18; 16; 18; 20; 16; 12; 19; 19; 16; 16; 18; 16; 16; 18; 14; 16; 18; 15; 14; 18; ; 17; 14; 16; 14; ; ; 21; 
Hull 3-1; 20; 18; 20; 20; 18; 12; 19; 20; 18; 18; 18; 18; 18; 20; 14; 16; 83/4; 31/2; 16; 83/4; ; 20; 16; 18; 16; ; ; 22; 22
Draw 2-2; 20; 16; 18; 18; 16; 12; 17; 19; 18; 18; 18; 16; 18; 18; 16; 16; 85/4; 16; 16; 85/4; ; 20; 16; 18; 16; ; ; 21; 91/5
Middlesbrough 2-0; 20; 18; 20; 16; 18; 12; 19; 22; 18; 20; 20; 18; 20; 20; 18; 18; 37/2; 17; 17; 37/2; ; 20; 17; 18; 17; ; ; 24; 20
Hull 3-2; 40; 40; 40; 40; 33; 25; 35; 45; 40; 33; 40; 33; 33; 35; 28; 33; 157/4; 33; 32; 157/4; ; 50; 32; 40; 32; ; ; 47; 38
Middlesbrough 3-1; 40; 40; 45; 33; 40; 28; 45; 50; 40; 40; 40; 40; 40; 40; 40; 33; 157/4; 35; 33; 157/4; ; 50; 33; 40; 33; ; ; 67; 50
Hull 4-0; 40; 50; 50; 50; 40; 40; 50; 55; 40; 40; 45; 40; 50; 40; 40; 40; 167/4; 40; 33; 167/4; ; 50; 33; 40; 33; ; ; ; 
Hull 4-1; 50; 50; 50; 50; 50; 40; 55; 60; 50; 40; 50; 40; 50; 45; 33; 40; 93/2; 40; 37; 93/2; ; 60; 37; 50; 37; ; ; ; 
Middlesbrough 3-2; 50; 50; 55; 50; 50; 40; 55; 75; 66; 50; 55; 40; 40; 50; 50; 50; 205/4; 50; 45; 205/4; ; 80; 45; 66; 45; ; ; 86; 69
Middlesbrough 3-0; 50; 50; 60; 40; 50; 50; 55; 80; 66; 50; 55; 50; 60; 66; 50; 50; 95/2; 50; 40; 95/2; ; 70; 40; 66; 40; ; ; 90; 
Any Other Score; ; ; 50; ; ; ; ; ; 80; ; ; ; ; ; ; ; ; 35; ; ; ; 50; ; ; ; ; ; ; 
Hull 4-2; 80; 80; 95; 80; 80; 66; 90; 100; 100; 90; 80; 66; 75; 100; 80; 66; 285/4; 100; 75; 285/4; ; 130; 75; 125; 75; ; ; ; 
Draw 3-3; 100; 80; 100; 80; 80; 66; 90; 125; 100; 90; 90; 66; 75; 100; 80; 66; 76; 150; 80; 76; ; 150; 80; 125; 80; ; ; 152; 99
Hull 5-0; 100; 100; ; 150; 100; 100; 110; 200; 100; 100; 100; 80; 150; 150; 100; 80; 323/4; ; 90; 323/4; ; ; 90; 150; 90; ; ; ; 
Hull 5-1; 125; 150; ; 200; 110; 100; 125; 175; 100; 125; 125; 80; 125; 150; 100; 100; 169/2; ; 100; 169/2; ; ; 100; 150; 100; ; ; ; 
Middlesbrough 4-1; 125; 100; 150; 100; 100; 100; 110; 225; 100; 125; 125; 80; 90; 150; 125; 100; 333/4; 200; 100; 333/4; ; 230; 100; 200; 100; ; ; ; 
Middlesbrough 4-2; 200; 150; 200; 125; 125; 100; 175; 275; 100; 175; 125; 100; 125; 200; 150; 125; 371/4; 200; 140; 371/4; ; 310; 140; 250; 140; ; ; ; 
Middlesbrough 4-0; 150; 150; 200; 100; 120; 150; 150; 375; 100; 175; 125; 100; 125; 200; 200; 100; 357/4; 200; 120; 357/4; ; 290; 120; 250; 120; ; ; ; 
Hull 4-3; 250; 200; 225; 150; 150; 150; 225; 400; ; 175; 150; 100; 150; 250; 200; 150; ; 250; 200; ; ; 350; 200; 250; 200; ; ; ; 
Hull 5-2; 250; 200; ; 250; ; 150; 200; 475; ; 200; 150; 100; 175; 250; 150; 150; ; ; 180; ; ; ; 180; 250; 180; ; ; ; 
Draw 4-4; ; 250; 250; 200; ; ; 325; 500; ; 400; 200; ; 200; ; ; 200; ; 250; 300; ; ; 350; 300; ; 300; ; ; ; 
Draw 5-5; ; ; ; ; ; ; ; 500; ; ; ; ; ; ; ; ; ; ; ; ; ; ; ; ; ; ; ; ; 
Hull 10-0; ; ; ; ; ; ; ; 500; ; ; ; ; ; ; ; ; ; ; ; ; ; ; ; ; ; ; ; ; 
Hull 10-1; ; ; ; ; ; ; ; 500; ; ; ; ; ; ; ; ; ; ; ; ; ; ; ; ; ; ; ; ; 
Hull 11-0; ; ; ; ; ; ; ; 500; ; ; ; ; ; ; ; ; ; ; ; ; ; ; ; ; ; ; ; ; 
Hull 5-3; ; 250; ; ; ; ; 225; 500; ; 375; 200; ; 200; ; ; 200; ; ; ; ; ; ; ; ; ; ; ; ; 
Hull 5-4; ; ; ; ; ; ; ; 500; ; ; 200; ; 200; ; ; 200; ; ; ; ; ; ; ; ; ; ; ; ; 
Hull 6-0; 450; 250; ; 500; ; ; 300; 500; 100; 275; 150; ; 150; 300; ; 200; ; ; 275; ; ; ; 275; ; 275; ; ; ; 
Hull 6-1; 500; 250; ; 500; ; ; 325; 500; ; 300; 150; ; 150; 300; ; 200; ; ; 300; ; ; ; 300; ; 300; ; ; ; 
Hull 6-2; ; 250; ; 500; ; ; 225; 500; ; 425; 200; ; 200; ; ; 200; ; ; ; ; ; ; ; ; ; ; ; ; 
Hull 6-3; ; ; ; ; ; ; ; 500; ; ; 200; ; 200; ; ; 200; ; ; ; ; ; ; ; ; ; ; ; ; 
Hull 6-4; ; ; ; ; ; ; ; 500; ; ; ; ; ; ; ; ; ; ; ; ; ; ; ; ; ; ; ; ; 
Hull 6-5; ; ; ; ; ; ; ; 500; ; ; ; ; ; ; ; ; ; ; ; ; ; ; ; ; ; ; ; ; 
Hull 7-0; ; ; ; 500; ; ; 225; 500; ; ; 200; ; 200; ; ; ; ; ; ; ; ; ; ; ; ; ; ; ; 
Hull 7-1; ; ; ; 500; ; ; 225; 500; ; ; 200; ; 200; ; ; ; ; ; ; ; ; ; ; ; ; ; ; ; 
Hull 7-2; ; ; ; ; ; ; ; 500; ; ; 200; ; 200; ; ; ; ; ; ; ; ; ; ; ; ; ; ; ; 
Hull 7-3; ; ; ; ; ; ; ; 500; ; ; ; ; ; ; ; ; ; ; ; ; ; ; ; ; ; ; ; ; 
Hull 7-4; ; ; ; ; ; ; ; 500; ; ; ; ; ; ; ; ; ; ; ; ; ; ; ; ; ; ; ; ; 
Hull 8-0; ; ; ; ; ; ; ; 500; ; ; 200; ; 200; ; ; ; ; ; ; ; ; ; ; ; ; ; ; ; 
Hull 8-1; ; ; ; ; ; ; ; 500; ; ; 200; ; 200; ; ; ; ; ; ; ; ; ; ; ; ; ; ; ; 
Hull 8-2; ; ; ; ; ; ; ; 500; ; ; ; ; ; ; ; ; ; ; ; ; ; ; ; ; ; ; ; ; 
Hull 8-3; ; ; ; ; ; ; ; 500; ; ; ; ; ; ; ; ; ; ; ; ; ; ; ; ; ; ; ; ; 
Hull 9-0; ; ; ; ; ; ; ; 500; ; ; 200; ; ; ; ; ; ; ; ; ; ; ; ; ; ; ; ; ; 
Hull 9-1; ; ; ; ; ; ; ; 500; ; ; ; ; ; ; ; ; ; ; ; ; ; ; ; ; ; ; ; ; 
Hull 9-2; ; ; ; ; ; ; ; 500; ; ; ; ; ; ; ; ; ; ; ; ; ; ; ; ; ; ; ; ; 
Middlesbrough 10-0; ; ; ; ; ; ; ; 500; ; ; ; ; ; ; ; ; ; ; ; ; ; ; ; ; ; ; ; ; 
Middlesbrough 10-1; ; ; ; ; ; ; ; 500; ; ; ; ; ; ; ; ; ; ; ; ; ; ; ; ; ; ; ; ; 
Middlesbrough 11-0; ; ; ; ; ; ; ; 500; ; ; ; ; ; ; ; ; ; ; ; ; ; ; ; ; ; ; ; ; 
Middlesbrough 4-3; 400; 250; 250; 150; ; 250; 300; 500; ; 250; 150; 150; 150; 300; ; 200; ; 250; 275; ; ; 350; 275; ; 275; ; ; ; 
Middlesbrough 5-0; ; 250; ; 300; ; ; 225; 500; 100; 425; 200; ; 200; ; ; 200; ; ; ; ; ; ; ; ; ; ; ; ; 
Middlesbrough 5-1; ; 250; ; 300; ; ; 225; 500; 100; 375; 200; 150; 150; 300; ; 200; ; ; ; ; ; ; ; ; ; ; ; ; 
Middlesbrough 5-2; ; 250; ; 500; ; ; 225; 500; ; 400; 200; ; 200; ; ; 200; ; ; ; ; ; ; ; ; ; ; ; ; 
Middlesbrough 5-3; ; 250; ; ; ; ; 225; 500; ; ; 200; ; 200; ; ; 200; ; ; ; ; ; ; ; ; ; ; ; ; 
Middlesbrough 5-4; ; ; ; ; ; ; ; 500; ; ; 200; ; 200; ; ; 200; ; ; ; ; ; ; ; ; ; ; ; ; 
Middlesbrough 6-0; ; 250; ; 500; ; ; 225; 500; 100; ; 200; ; 200; ; ; 200; ; ; ; ; ; ; ; ; ; ; ; ; 
Middlesbrough 6-1; ; 250; ; 500; ; ; 225; 500; ; ; 200; ; 200; ; ; 200; ; ; ; ; ; ; ; ; ; ; ; ; 
Middlesbrough 6-2; ; 250; ; 500; ; ; 225; 500; ; ; 200; ; 200; ; ; 200; ; ; ; ; ; ; ; ; ; ; ; ; 
Middlesbrough 6-3; ; ; ; ; ; ; ; 500; ; ; 200; ; 200; ; ; 200; ; ; ; ; ; ; ; ; ; ; ; ; 
Middlesbrough 6-4; ; ; ; ; ; ; ; 500; ; ; ; ; ; ; ; ; ; ; ; ; ; ; ; ; ; ; ; ; 
Middlesbrough 6-5; ; ; ; ; ; ; ; 500; ; ; ; ; ; ; ; ; ; ; ; ; ; ; ; ; ; ; ; ; 
Middlesbrough 7-0; ; ; ; ; ; ; 225; 500; ; ; 200; ; 200; ; ; ; ; ; ; ; ; ; ; ; ; ; ; ; 
Middlesbrough 7-1; ; ; ; ; ; ; 225; 500; ; ; 200; ; 200; ; ; ; ; ; ; ; ; ; ; ; ; ; ; ; 
Middlesbrough 7-2; ; ; ; ; ; ; ; 500; ; ; 200; ; 200; ; ; ; ; ; ; ; ; ; ; ; ; ; ; ; 
Middlesbrough 7-3; ; ; ; ; ; ; ; 500; ; ; ; ; ; ; ; ; ; ; ; ; ; ; ; ; ; ; ; ; 
Middlesbrough 7-4; ; ; ; ; ; ; ; 500; ; ; ; ; ; ; ; ; ; ; ; ; ; ; ; ; ; ; ; ; 
Middlesbrough 8-0; ; ; ; ; ; ; ; 500; ; ; 200; ; 200; ; 1/1000; ; ; ; ; ; ; ; ; ; ; ; ; ; 
Middlesbrough 8-1; ; ; ; ; ; ; ; 500; ; ; 200; ; 200; ; 1/1000; ; ; ; ; ; ; ; ; ; ; ; ; ; 
Middlesbrough 8-2; ; ; ; ; ; ; ; 500; ; ; ; ; ; ; ; ; ; ; ; ; ; ; ; ; ; ; ; ; 
Middlesbrough 8-3; ; ; ; ; ; ; ; 500; ; ; ; ; ; ; ; ; ; ; ; ; ; ; ; ; ; ; ; ; 
Middlesbrough 9-0; ; ; ; ; ; ; ; 500; ; ; 200; ; ; ; ; ; ; ; ; ; ; ; ; ; ; ; ; ; 
Middlesbrough 9-1; ; ; ; ; ; ; ; 500; ; ; ; ; ; ; ; ; ; ; ; ; ; ; ; ; ; ; ; ; 
Middlesbrough 9-2; ; ; ; ; ; ; ; 500; ; ; ; ; ; ; ; ; ; ; ; ; ; ; ; ; ; ; ; ; 
META; spain/la-liga-primera/granada-v-valencia; 2017-04-05 16:19:06 GMT+3; 2017-04-09 11:00; e70300-dr003
Valencia; 5/4; 6/5; 5/4; 5/4; 5/4; 5/4; 6/5; 13/10; 13/10; 6/5; 6/5; 5/4; 23/20; 5/4; 5/4; 5/4; 5/4; 5/4; 23/20; 6/5; 34/25; 15/13; 7/5; 5/4; 15/13; ; 6/5; ; 5/4
Granada; 9/4; 21/10; 43/20; 21/10; 23/10; 9/4; 11/5; 21/10; 2; 11/5; 2; 11/5; 11/5; 11/5; 11/5; 11/5; 11/5; 11/5; 23/10; 9/4; 111/50; 37/19; 19/10; 21/10; 23/10; ; 21/10; ; 21/10
Draw; 9/4; 5/2; 49/20; 12/5; 12/5; 5/2; 5/2; 12/5; 12/5; 12/5; 23/10; 23/10; 5/2; 23/10; 12/5; 12/5; 12/5; 11/5; 5/2; 12/5; 51/20; 13/5; 12/5; 23/10; 5/2; ; 23/10; ; 12/5
META; spain/la-liga-primera/granada-v-valencia; 2017-04-06 11:20:25 GMT+3; 2017-04-09 11:00; e70300-dr003
Valencia; 6/5; 23/20; 6/5; 5/4; 6/5; 6/5; 23/20; 6/5; 6/5; 23/20; 23/20; 23/20; 6/5; 6/5; 5/4; 6/5; 6/5; 6/5; 23/20; 6/5; 31/25; 22/19; 13/11; 6/5; 6/5; ; 6/5; 6/5; 6/5
Granada; 23/10; 9/4; 9/4; 21/10; 23/10; 23/10; 23/10; 21/10; 9/4; 9/4; 21/10; 11/5; 11/5; 23/10; 11/5; 9/4; 9/4; 23/10; 9/4; 9/4; 62/25; 37/19; 9/4; 9/4; 9/4; ; 9/4; 11/5; 11/5
Draw; 12/5; 5/2; 49/20; 12/5; 5/2; 5/2; 5/2; 12/5; 12/5; 12/5; 23/10; 5/2; 5/2; 23/10; 12/5; 5/2; 27/11; 11/5; 5/2; 27/11; 51/20; 13/5; 5/2; 23/10; 5/2; ; 12/5; 12/5; 12/5
META; spain/la-liga-primera/granada-v-valencia; 2017-04-06 16:04:12 GMT+3; 2017-04-09 11:00; e70300-dr003
Valencia; 11/10; 23/20; 6/5; 5/4; 6/5; 6/5; 6/5; 6/5; 6/5; 23/20; 6/5; 23/20; 6/5; 6/5; 5/4; 6/5; 6/5; 6/5; 23/20; 6/5; 31/25; 19/16; 13/11; 23/20; 6/5; ; 6/5; 6/5; 23/20
Granada; 5/2; 9/4; 11/5; 21/10; 23/10; 23/10; 23/10; 21/10; 9/4; 9/4; 11/5; 11/5; 9/4; 23/10; 11/5; 9/4; 23/10; 23/10; 9/4; 23/10; 123/50; 40/17; 9/4; 23/10; 9/4; ; 9/4; 11/5; 9/4
Draw; 12/5; 5/2; 5/2; 12/5; 5/2; 5/2; 5/2; 12/5; 12/5; 12/5; 12/5; 5/2; 13/5; 23/10; 12/5; 5/2; 12/5; 11/5; 5/2; 12/5; 51/20; 5/2; 5/2; 23/10; 5/2; ; 12/5; 12/5; 12/5
META; spain/la-liga-primera/granada-v-valencia; 2017-04-06 20:04:44 GMT+3; 2017-04-09 11:00; e70300-dr003
Valencia; 11/10; 23/20; 6/5; 5/4; 6/5; 6/5; 6/5; 6/5; 6/5; 23/20; 6/5; 23/20; 6/5; 6/5; 5/4; 6/5; 15/13; 6/5; 23/20; 15/13; 59/50; 19/16; 13/11; 23/20; 6/5; ; 6/5; 6/5; 23/20
Granada; 5/2; 9/4; 9/4; 21/10; 12/5; 23/10; 23/10; 21/10; 9/4; 9/4; 11/5; 11/5; 9/4; 23/10; 11/5; 23/10; 23/10; 23/10; 9/4; 23/10; 62/25; 40/17; 9/4; 23/10; 9/4; ; 9/4; 11/5; 12/5
Draw; 12/5; 5/2; 5/2; 12/5; 12/5; 5/2; 5/2; 12/5; 12/5; 5/2; 12/5; 5/2; 13/5; 23/10; 12/5; 5/2; 27/11; 11/5; 5/2; 27/11; 133/50; 5/2; 5/2; 23/10; 5/2; ; 12/5; 12/5; 13/5
META; spain/la-liga-primera/granada-v-valencia; 2017-04-07 13:05:54 GMT+3; 2017-04-09 11:00; e70300-dr003
Valencia; 11/10; 23/20; 23/20; 5/4; 23/20; 6/5; 6/5; 6/5; 6/5; 23/20; 23/20; 23/20; 6/5; 6/5; 23/20; 6/5; 15/13; 6/5; 23/20; 15/13; 59/50; 7/6; 13/11; 6/5; 6/5; ; 6/5; 23/20; 6/5
Granada; 5/2; 9/4; 11/5; 21/10; 12/5; 23/10; 9/4; 21/10; 23/10; 9/4; 9/4; 23/10; 9/4; 9/4; 9/4; 23/10; 23/10; 12/5; 9/4; 23/10; 62/25; 12/5; 9/4; 12/5; 9/4; ; 9/4; 9/4; 12/5
Draw; 12/5; 5/2; 5/2; 12/5; 5/2; 5/2; 5/2; 12/5; 5/2; 5/2; 5/2; 12/5; 13/5; 12/5; 13/5; 5/2; 5/2; 23/10; 5/2; 5/2; 133/50; 5/2; 5/2; 5/2; 5/2; ; 5/2; 5/2; 13/5
